"website","http_status","date_checked"
"http://muzeummydla.pl",200,2024-03-31
"http://www.muzeum-szreniawa.pl/?q=pl/node/78",200,2024-03-31
"http://www.muzeum.przemysl.pl/",200,2024-03-31
"http://www.muzeumrowerow.pl/",200,2024-03-31
"http://www.muzeumnurkowania.pl/",500,2024-03-31
"http://www.muzeum.zagan.pl/",200,2024-03-31
"http://www.ogrod.uj.edu.pl/index.php?option=18&action=articles_show&art_id=352&menu_id=220&page=285&lang=pl",404,2024-03-31
"http://www.archiwum.karmelici.pl/",200,2024-03-31
"http://www.muzeumwkaliszu.pl",200,2024-03-31
"http://www.muzeum.sacz.pl/",200,2024-03-31
"http://www.muzeum.bydgoszcz.pl/",200,2024-03-31
"http://www.muzeum.rzeszow.pl",200,2024-03-31
"https://www.muzeum.torun.pl/",200,2024-03-31
"http://www.binoz.uj.edu.pl/index.php?idz=ib_muzeum",404,2024-03-31
"http://muzeumoswiaty.cba.pl/index.html/",202,2024-03-31
"http://muzeumpgr.prv.pl/",200,2024-03-31
"https://muzeum.grebocin.pl/",200,2024-03-31
"http://www.muzeum.wroclaw.pl/",200,2024-03-31
"http://www.muzeum.krosno.pl/",200,2024-03-31
"http://www.muzeum.bialystok.pl/",200,2024-03-31
"http://muzeum.torun.pl/strona-33-muzeum_podroznikow_im_tony_ego_halika.html",404,2024-03-31
"http://www.muzeumwlodawa.eu",200,2024-03-31
"http://muzeumulmow.pl",200,2024-03-31
"http://www.muzeumpw.com.pl/",NA,2024-03-31
"http://www.muzeumsztukiludowej.otrebusy.pl",503,2024-03-31
"https://www.muzeumgalowice.pl/",200,2024-03-31
"http://www.wmn.poznan.pl/odwiedz-nas/muzeum-powstania-wielkopolskiego-1918-1919/",200,2024-03-31
"http://www.wmn.poznan.pl/odwiedz-nas/muzeum-powstania-poznanskiego-czerwiec-1956/",200,2024-03-31
"http://www.muzeumbiala.pl",200,2024-03-31
"http://www.umig.olkusz.pl/index.php?option=com_content&view=article&id=4712&Itemid=333&lang=pl",200,2024-03-31
"http://www.muzeumsiedlce.art.pl/pl/site/490/493/495/muzeum.pozarnictwa.w.kotuniu.html",404,2024-03-31
"http://www.muzeumprasy.pl/",200,2024-03-31
"http://www.muzeumtechniki.pl",200,2024-03-31
"http://www.zapalki.pl",404,2024-03-31
"http://www.zapalki.pl",404,2024-03-31
"http://www.starakopalnia.pl",404,2024-03-31
"http://www.kpnmab.pl/pl/muzeum-przyrodnicze-kpn,114",404,2024-03-31
"http://www.wolinpn.pl/html/muzeum/galeriamuzeum.html",404,2024-03-31
"http://muzeum.ciezkowice.pl",200,2024-03-31
"http://przyroda.muzeum.olsztyn.pl",200,2024-03-31
"http://www.muzeum.4lomza.pl/",200,2024-03-31
"http://muzeum.drezdenko.pl/",NA,2024-03-31
"http://www.muzeumratownictwa.pl/",NA,2024-03-31
"http://www.mikolajki.luteranie.pl/p5,muzeum_reformacji.html",404,2024-03-31
"http://muzeum.miechow.net/index.html",NA,2024-03-31
"http://www.rabkoland.pl/main/muzeum_rekordow_i_osobliwosci.html",404,2024-03-31
"http://www.muzea-wolsztyn.com.pl/www/index.php?option=com_content&task=view&id=3&Itemid=4",404,2024-03-31
"http://palac-sztuki.krakow.pl/muzea/willa-estreichera/",200,2024-03-31
"http://www.muzeumniechorze.pl/",200,2024-03-31
"https://muzeum.swi.pl/",200,2024-03-31
"https://muzeum.swi.pl/",200,2024-03-31
"http://www.muzeum-swinoujscie.pl",200,2024-03-31
"http://www.muzeum-swinoujscie.pl",200,2024-03-31
"https://muzeum.swi.pl/",200,2024-03-31
"https://muzeum.swi.pl/",200,2024-03-31
"http://www.muzeum-swinoujscie.pl",200,2024-03-31
"http://www.muzeum-swinoujscie.pl",200,2024-03-31
"http://www.rzemieslnicywawa.pl/index.php/muzeum",404,2024-03-31
"http://muzeum.bialystok.pl/muzeum-rzezby-alfonsa-karnego/",200,2024-03-31
"http://muzeumsp.pl/",200,2024-03-31
"http://restauracjaklemens.pl/",200,2024-03-31
"http://www.muzeum.soleckujawski.pl/",200,2024-03-31
"https://www.osir.olsztyn.pl/pl/osir/obiekty/1715-muzeum-sportu",200,2024-03-31
"http://www.muzeumziebice.pl",200,2024-03-31
"http://micet.pl/pl/",200,2024-03-31
"http://www.mshm.pl/",200,2024-03-31
"http://www.stutthof.org",200,2024-03-31
"http://www.mnp.art.pl/oddzialy/muzeum-sztuk-uzytkowych/",200,2024-03-31
"https://teatrwielki.pl/dzialalnosc/muzeum-teatralne/",200,2024-03-31
"http://www.muzeum-kolo.pl",200,2024-03-31
"http://www.mtwzabrze.pl/",200,2024-03-31
"http://de.muzeumtechniki.eu/",200,2024-03-31
"http://en.muzeumtechniki.eu/",200,2024-03-31
"http://www.muzeumtechniki.eu",200,2024-03-31
"http://jezuici.pl/muzeum/",200,2024-03-31
"http://www.muzeum.umk.pl",200,2024-03-31
"http://mng.gda.pl/oddzialy/muzeum-tradycji-szlacheckiej/",200,2024-03-31
"https://www.maius.uj.edu.pl",200,2024-03-31
"https://www.maius.uj.edu.pl",200,2024-03-31
"http://www.muzeum.ustron.pl",200,2024-03-31
"http://www.muzeum.olsztyn.pl",200,2024-03-31
"http://muzeum1945.republika.pl",404,2024-03-31
"http://www.muzeum-szreniawa.pl/imuzeum/web/app.php/vortal/muzeum_wikliniarstwa_i_chmielarstwa_w_nowym_tomyslu.html",404,2024-03-31
"http://www.nmm.pl/muzeum-wisly",200,2024-03-31
"https://nmm.pl/en/vistula-river-museum/",200,2024-03-31
"http://www.muzeum.bialystok.pl/choroszcz/index.php",200,2024-03-31
"http://www.cmp-muzeum.pl",200,2024-03-31
"http://ciz.muzeumwarszawy.pl/",200,2024-03-31
"http://www.muzeum.gorlice.pl/",200,2024-03-31
"http://teatrnn.pl/domslow/",200,2024-03-31
"http://www.bunkierkonewka.eu/",200,2024-03-31
"http://lapidarium.xorg.pl/index.html",200,2024-03-31
"http://www.makieta.poznan.pl/",200,2024-03-31
"https://www.mcswelektrownia.pl/",200,2024-03-31
"http://www.bracz.edu.pl/muzea/mieszkanie-muzeum-kazimiery-illakowiczowny/",404,2024-03-31
"https://muzeumpanatadeusza.ossolineum.pl/",200,2024-03-31
"http://www.fiedler.pl",200,2024-03-31
"https://zamek-lublin.pl/muzeum-regionalne-w-krasniku/",200,2024-03-31
"http://www.mok.olkusz.pl/index.php/muzea/29-muzeum-afrykanistyczne",404,2024-03-31
"http://www.nra.pl/nra.php?id=154",200,2024-03-31
"https://www.asp.krakow.pl/sztuka-nauka/muzeum-asp",200,2024-03-31
"http://darwin.iz.uj.edu.pl/iz/anthropology/muzeum.html",NA,2024-03-31
"http://www.bambrzy.poznan.pl/",200,2024-03-31
"http://kultura.benedyktyni.com/muzeum/",200,2024-03-31
"http://www.albertyni.opoka.org.pl/index.html",200,2024-03-31
"http://pttk-strzelin.pl/galeria/sudeckie/swidnica_muzeum_broni/",200,2024-03-31
"http://www.muzeumbrowaru.pl/strona-glowna.html",404,2024-03-31
"https://muzeumgdansk.pl/oddzialy-muzeum/muzeum-bursztynu/",200,2024-03-31
"https://muzeumgdansk.pl/oddzialy-muzeum/muzeum-bursztynu/",200,2024-03-31
"http://www.cechjanakilinskiego.waw.pl/index.php?page=muzeum",NA,2024-03-31
"http://www.necel.pl/",200,2024-03-31
"https://www.muzeumczestochowa.pl/",200,2024-03-31
"http://www.muzeum.pelplin.diecezja.org/muzeum/",200,2024-03-31
"http://www.muzeumdobranocek.pl/",200,2024-03-31
"https://www.archiwum.gddkia.gov.pl/pl/900",200,2024-03-31
"http://www.muzeumdrukarstwa.pl/",200,2024-03-31
"http://www.muzeum.gorlice.pl/",200,2024-03-31
"http://www.muzeum.ukw.edu.pl",200,2024-03-31
"http://www.muzeumenergetyki.laziska.pl",200,2024-03-31
"https://muzeumfabryki.com.pl/",200,2024-03-31
"http://www.muzeumfarmacji.pl/",NA,2024-03-31
"http://www.muzeumfarmacji.umed.wroc.pl/",200,2024-03-31
"http://www.woia.pl/page/103/muzeum-farmacji.html",200,2024-03-31
"http://www.aptekapodlabedziem.pl/top2.php?id=1",200,2024-03-31
"http://www.muzeum-filumenistyczne.pl/",500,2024-03-31
"http://www.muzeum.jezowe24.pl",200,2024-03-31
"http://www.torun.fortyfikacje.pl",200,2024-03-31
"https://muzeumgazownictwa.pl/",200,2024-03-31
"http://www.mhmg.gda.pl",NA,2024-03-31
"http://muzeum.bytom.pl/",200,2024-03-31
"http://www.poswiatowska.muzeumczestochowa.pl/",200,2024-03-31
"http://www.oht.agh.edu.pl/",NA,2024-03-31
"http://www.muzeum.opatowek.pl",NA,2024-03-31
"http://www.muzeumdukla.pl/",200,2024-03-31
"http://www.muzeum.misjonarze.pl/",NA,2024-03-31
"http://chojnicemuzeum.pl",404,2024-03-31
"http://muzeum.bialystok.pl/s,muzeum-ikon-w-supraslu,38.html",404,2024-03-31
"http://muzeum-ikon.weebly.com/",404,2024-03-31
"http://cyfrowyczarnolas.pl/",200,2024-03-31
"https://www.muzeum-jaroslaw.pl/",200,2024-03-31
"http://www.muzeumkanalu.pl/",403,2024-03-31
"https://muzeum-lodz.pl/siedziby/muzem-kanalu-detka/",200,2024-03-31
"https://muzeum-lodz.pl/siedziby/muzem-kanalu-detka/",200,2024-03-31
"http://www.sami-swoi.com.pl/",200,2024-03-31
"https://katedra-anatomii.cm-uj.krakow.pl/o-katedrze/muzeum-katedry/",200,2024-03-31
"https://www.muzeumpulaski.pl/",403,2024-03-31
"https://www.szczyrzyc.cystersi.pl/muzeum.php",200,2024-03-31
"http://www.muzeum.mpk.lodz.pl/",200,2024-03-31
"http://www.kopieckosciuszki.pl/",200,2024-03-31
"http://muzeum.prawo.ug.edu.pl",200,2024-03-31
"http://www2.oss.wroc.pl/",403,2024-03-31
"http://www.muzeum.pila.pl/",200,2024-03-31
"http://muzeum.bialystok.pl/muzeum-w-tykocinie/",200,2024-03-31
"http://muzeum.bialystok.pl/muzeum-w-tykocinie/",200,2024-03-31
"http://www.biblioteka.podegrodzie.net/",NA,2024-03-31
"http://www.muzeumlubuskie.pl/",200,2024-03-31
"https://www.muzeumludowe.pl/",200,2024-03-31
"http://www.wmn.poznan.pl/odwiedz-nas/muzeum-martyrologii-wielkopolan-fort-vii/",200,2024-03-31
"http://www.muzeumzyrardow.pl/",200,2024-03-31
"https://muzeumplock.eu/",200,2024-03-31
"https://szczytno.muzeum.olsztyn.pl/",200,2024-03-31
"http://www.malachowianka.plock.org.pl/strona,37/",200,2024-03-31
"http://muzeum.webstudio4u.com/",NA,2024-03-31
"http://www.koszyce.gmina.pl/index.php?option=com_content&view=article&id=99&Itemid=154&lang=pl/",200,2024-03-31
"http://www.muzeumkepno.pl/",200,2024-03-31
"http://www.muzeum-lezajsk.pl/",200,2024-03-31
"http://mzntrzcianka.pl/main/index/main/v_main",404,2024-03-31
"http://www.owczarnia.com",200,2024-03-31
"http://www.muzeumprudnik.pl/",200,2024-03-31
"http://www.pyzdry.pl/459,muzeum-ziemi-pyzdrskiej.html",403,2024-03-31
"https://www.gok.sierakowice.pl/stala-ekspozycja-muzealna/",200,2024-03-31
"https://www.muzeumsochaczew.pl/pl/",200,2024-03-31
"http://www.sokolka.pl/muzeum.htm",404,2024-03-31
"http://www.muzeum.wschowa.pl",500,2024-03-31
"http://www.muzeum-kletno.pl/",200,2024-03-31
"http://chelmno-muzeum.eu/?lang=pl",200,2024-03-31
"http://muzeum.kety.pl",200,2024-03-31
"http://www.muzeum-mat.cssf.opoka.org.pl/",200,2024-03-31
"http://www.muzeum-mat.cssf.opoka.org.pl/",200,2024-03-31
"http://www.muzeum.edu.pl",200,2024-03-31
"http://www.muzeumkrosniewice.pl/",200,2024-03-31
"https://galkowek.pl/kultura/muzeum/",200,2024-03-31
"http://www.muzeum-orkana.pl/index.php",200,2024-03-31
"http://www.muzeumnalkowskich.pl/",200,2024-03-31
"http://jp2muzeum.pl/",200,2024-03-31
"https://muzeum.bielsko.pl/pl/historia-muzeum-falatowka",200,2024-03-31
"http://muzeum.bialystok.pl/s,muzeum-w-bielsku-podlaskim,58.html",404,2024-03-31
"http://www.muzeum.chorzow.pl",NA,2024-03-31
"http://www.muzeum.chrzanow.pl/",NA,2024-03-31
"http://muzeum.gostyn.pl/",200,2024-03-31
"http://www.muzeum.grudziadz.pl",200,2024-03-31
"http://www.muzeum.rybnik.pl/",200,2024-03-31
"http://www.muzeum.koszalin.pl/",200,2024-03-31
"http://www.muzeum.org.pl",200,2024-03-31
"http://www.muzeum-stargard.pl",200,2024-03-31
"http://www.muzeum.walbrzych.pl",200,2024-03-31
"https://www.zelandia.pl//index.php?option=com_content&task=category&sectionid=5&id=28&Itemid=64/",200,2024-03-31
"http://www.muzeumlowicz.pl/",200,2024-03-31
"http://www.muzeum.srem.pl",200,2024-03-31
"https://muzeum.wieliczka.pl",200,2024-03-31
"https://muzeum.wieliczka.pl",200,2024-03-31
"http://www.neonmuzeum.org/",200,2024-03-31
"http://www.neonmuzeum.org/",200,2024-03-31
"http://mng.gda.pl/oddzialy/oddzial-sztuki-dawnej/",404,2024-03-31
"http://www.pttkmiedzygorze.ta.pl/?id=7",200,2024-03-31
"http://www.planetarium.torun.pl/index.php?strona=3",200,2024-03-31
"http://www.fortyjastarnia.pl/",NA,2024-03-31
"http://www.witnica.pl/index.php?option=18&action=articles_show&art_id=76",NA,2024-03-31
"http://www.muzeumwkaliszu.pl",200,2024-03-31
"http://muzeumkolejnictwa.com.pl/",200,2024-03-31
"http://www.muzeum.sacz.pl/47,Skansen_regionalny__Sadecki_Park_Etnograficzny.htm",404,2024-03-31
"https://wawel.krakow.pl",NA,2024-03-31
"http://www.muzeum.bielsko.pl",200,2024-03-31
"http://www.muzeum.bielsko.pl",200,2024-03-31
"http://www.muzeum.bielsko.pl",200,2024-03-31
"http://www.muzeum.bielsko.pl",200,2024-03-31
"http://www.skansen.bialystok.pl/",200,2024-03-31
"http://tarasin.pl",200,2024-03-31
"http://www.cmjw.pl/",200,2024-03-31
"http://www.zsylkiwypedzenia.up.krakow.pl/",NA,2024-03-31
"http://www.hewelianum.pl",200,2024-03-31
"https://www.muzeumwkaliszu.pl/centrum-rysunku-i-grafiki-im-tadeusza-kulisiewicza.html",200,2024-03-31
"http://www.scenografia-polska.pl/",NA,2024-03-31
"https://u-jazdowski.pl/",200,2024-03-31
"http://www.csw.torun.pl/",200,2024-03-31
"http://ajcf.pl",200,2024-03-31
"https://ajcf.pl/en/",200,2024-03-31
"http://www.muzeum.kalisz.pl/russow",200,2024-03-31
"http://mhk.pl/dzieje_nowej_huty",404,2024-03-31
"http://www.exploseum.pl/",200,2024-03-31
"http://www.grodgrzybowo.pl/",200,2024-03-31
"http://www.grodgrzybowo.pl/",200,2024-03-31
"http://pbswrzesnia.com.pl/index.php/obanku/izba-pamieci-banku",403,2024-03-31
"http://pbswrzesnia.com.pl/index.php/obanku/izba-pamieci-banku",403,2024-03-31
"http://muzarp.poznan.pl/rezerwat/",NA,2024-03-31
"http://www.rezerwat.muzeumczestochowa.pl/",NA,2024-03-31
"http://www.nowowiejski.pl/",403,2024-03-31
"https://ipip.wnz.cm.uj.edu.pl/o-instytucie/salonik-historyczny/",200,2024-03-31
"http://www.muzeumbilgoraj.pl/zagroda-sitarska.html",404,2024-03-31
"https://zagrodajamno.pl/",200,2024-03-31
"http://www.zyndranowa.org/",200,2024-03-31
"http://www.strefahistorycznawmg.pl",200,2024-03-31
"http://www.sztolniekowary.com",200,2024-03-31
"https://browarytyskie.pl/",200,2024-03-31
"http://www.lednicamuzeum.pl/",200,2024-03-31
"http://www.wmp-muzeum.psp.wlkp.pl/",200,2024-03-31
"http://www.muzeumsopotu.pl/",200,2024-03-31
"http://www.kopalniasrebra.pl/",200,2024-03-31
"http://muzeumlowicz.pl/skansen_w_maurzycach",200,2024-03-31
"http://sybir.bialystok.pl/",200,2024-03-31
"http://www.muzeumbialoruskie.hajnowka.pl/",NA,2024-03-31
"http://www.muzeumkresow.eu",200,2024-03-31
"http://turystyka.cmielow.com.pl/",200,2024-03-31
"http://www.paszyn.eu/",NA,2024-03-31
"http://www.mennica.com.pl/historia/gabinet-numizmatyczny/ekspozycja-stala_805.html",200,2024-03-31
"http://www.mbp.bielawa.pl/index.php/aktualnoscibpm1",404,2024-03-31
"http://www.muzeumbilgoraj.pl/",200,2024-03-31
"http://www.muzeum.szczecin.pl/",200,2024-03-31
"http://www.muzeum-hrubieszow.com.pl",200,2024-03-31
"http://muzeumlibusza.republika.pl/",404,2024-03-31
"http://chlewiska.mtip.pl/",403,2024-03-31
"http://www.michalkajka.pl",200,2024-03-31
"http://www.muzeum.naklo.pl",NA,2024-03-31
"http://www.mzm.mogilno.pl",200,2024-03-31
"http://www.sokolowski-muzea.pl/spg/",200,2024-03-31
"http://www.muzeum.tuchola.pl/",200,2024-03-31
"http://www.muzeumchelmno.pl",200,2024-03-31
"http://roztoczanskipn.pl/pl/edukacja/osrodek-edukacyjno-muzealny",404,2024-03-31
"http://www.muzeum.brodnica.pl",200,2024-03-31
"http://kultura-drohiczyn.pl/?page_id=384",404,2024-03-31
"http://www.wieza-gizycko.pl",200,2024-03-31
"http://www.muzeum-goldap.pl",NA,2024-03-31
"http://kamienie.sokolowski-muzea.eu",NA,2024-03-31
"http://muzeumziemikoscierskiej.com.pl",200,2024-03-31
"http://www.muzeumrzemiosla.pl",200,2024-03-31
"http://www.muzeum.lebork.pl",200,2024-03-31
"http://muzeum-minskmaz.home.pl",NA,2024-03-31
"http://www.muzeum.mragowo.pl/",200,2024-03-31
"http://mragowo.muzeum.olsztyn.pl",200,2024-03-31
"http://www.brzeczkowice.katowice.opoka.org.pl/muzeum/",NA,2024-03-31
"http://www.zph.org.pl",200,2024-03-31
"http://www.muzeum.ock.com.pl",NA,2024-03-31
"http://www.muzeumziemipiskiej.pl",200,2024-03-31
"http://www.militaria.bielsko.com.pl",NA,2024-03-31
"http://zss.rze.pl/?page_id=19",404,2024-03-31
"http://www.muzeum.sobotka.pl",200,2024-03-31
"http://www.ekomuzeum.pl/",200,2024-03-31
"http://www.poleskipn.pl/index.php?option=com_content&task=view&id=334&Itemid=236",200,2024-03-31
"https://muzeumstarogard.pl/",200,2024-03-31
"http://muzeum.sacz.pl/muzeum-pszczelarstwa-i-skansen-pszczelarski-w-strozach/",404,2024-03-31
"http://www.muzeum.rypin.eu",200,2024-03-31
"http://www.muzeum.szubin.net",200,2024-03-31
"http://www.muzeumustka.pl",200,2024-03-31
"http://muzeumzapusta.republika.pl",404,2024-03-31
"http://www.deportacje45.pl/",200,2024-03-31
"http://tartak.mok.olsztyn.pl/index.html",200,2024-03-31
"http://tartak.mok.olsztyn.pl/index.html",200,2024-03-31
"http://www.muzeum-narciarstwa.pl",200,2024-03-31
"http://www.muzeumbursztynu.pl",200,2024-03-31
"https://mnoz.us.edu.pl/",200,2024-03-31
"https://mnoz.us.edu.pl/",200,2024-03-31
"http://muzeumlusowo.pl/",200,2024-03-31
"http://www.obra.oblaci.pl/muzeum/muzeum.html",404,2024-03-31
"http://fortmarian.pl",200,2024-03-31
"http://muzeum.bedzin.pl/podziemia-b%C4%99dzi%C5%84skie",404,2024-03-31
"http://www.2korpus.pl/",200,2024-03-31
"http://www.ulani-minskmaz.home.pl/",NA,2024-03-31
"http://www.mhzk.eu/",200,2024-03-31
"http://www.muzeum.zdunskawola.pl/",NA,2024-03-31
"http://muzeum.katedra.zamojskolubaczowska.pl/",200,2024-03-31
"https://muzeum.torun.pl/en/the-museum-of-torun-gingerbread/",200,2024-03-31
"https://muzeum.torun.pl/muzeum-torunskiego-piernika/",200,2024-03-31
"https://teatrnn.pl/piwnica-fortuna/",200,2024-03-31
"http://www.trasa-podziemna.erzeszow.pl",NA,2024-03-31
"http://www.podziemna-trasa-turystyczna.pl/",200,2024-03-31
"http://www.muzeum.topacz.pl/",404,2024-03-31
"http://www.dymarki.pl/",200,2024-03-31
"http://mpwp.pl/",200,2024-03-31
"http://muzeumtrzesacz.pl/",200,2024-03-31
"http://www.fortwerner.pl",200,2024-03-31
"http://www.muzeumdladzieci.pl/",200,2024-03-31
"http://www.muzeum.dobiegniew.pl",200,2024-03-31
"http://www.ecs.gda.pl",200,2024-03-31
"https://borynam.wixsite.com/muzeum-szprotawa",200,2024-03-31
"http://mng.gda.pl/oddzialy/oddzial-sztuki-nowoczesnej/",200,2024-03-31
"http://www.auschwitz.org/",NA,2024-03-31
"https://wawel.krakow.pl/",NA,2024-03-31
"https://www.wroclaw.pl/nasz-wroclaw/partner/cmentarz-zydowski-przy-sleznej-muzeum-sztuki-cmentarnej",200,2024-03-31
"http://www.muzeum.miejskie.wroclaw.pl/",200,2024-03-31
"http://www.muzeumslaskie.pl/",200,2024-03-31
"http://muzeumpragi.pl/",200,2024-03-31
"http://www.mz.pan.pl/",200,2024-03-31
"http://www.muzeum.opole.pl",200,2024-03-31
"http://www.muzeum.gliwice.pl/",200,2024-03-31
"http://muzeumfarmacji.muzeumwarszawy.pl/",200,2024-03-31
"http://muzeumfarmacji.muzeumwarszawy.pl/",200,2024-03-31
"http://muzeumfarmacji.muzeumwarszawy.pl/",200,2024-03-31
"http://muzeumfarmacji.muzeumwarszawy.pl/",200,2024-03-31
"http://www.muzeumlubelskie.pl/Oddzial_Matrylogii_%E2%80%9CPod_Zegarem%E2%80%9D-1-313-37.html",NA,2024-03-31
"http://www.muzeum.gliwice.pl/oddzial-odlewnictwa-artystycznego/",404,2024-03-31
"http://www.jcckrakow.org/",200,2024-03-31
"http://www.muzeum-kupiectwa.pl/",200,2024-03-31
"http://www.zamek-krolewski.pl",NA,2024-03-31
"http://www.auschwitz.org.pl/",NA,2024-03-31
"http://www.stawisko.pl/",200,2024-03-31
"http://www.stawisko.pl/",200,2024-03-31
"http://muzeumwoli.muzeumwarszawy.pl",200,2024-03-31
"http://muzeumwoli.muzeumwarszawy.pl",200,2024-03-31
"http://muzeumwoli.muzeumwarszawy.pl",200,2024-03-31
"http://muzeumwoli.muzeumwarszawy.pl",200,2024-03-31
"http://www.muzeumkolejnictwa.waw.pl",NA,2024-03-31
"http://www.muzeum.krakow.pl/Contact.157.0.html?L=1",404,2024-03-31
"http://www.muzeum-miedzi.art.pl/",403,2024-03-31
"http://mnk.pl/oddzial/muzeum-im-emeryka-hutten-czapskiego",200,2024-03-31
"http://www.muzpap.pl/",200,2024-03-31
"http://btpk.weebly.com",200,2024-03-31
"http://www.muzeum-motoryzacji.com.pl",200,2024-03-31
"http://www.muzeum.warszawa.pl/",200,2024-03-31
"http://bobrka.pl/",200,2024-03-31
"https://muzeum-niepodleglosci.pl/",200,2024-03-31
"http://muzeum.bielsko.pl/",200,2024-03-31
"http://www.muzeumkluki.pl/",200,2024-03-31
"https://muzeumkrakowa.pl/en/branches/old-synagogue",200,2024-03-31
"https://muzeumkrakowa.pl/oddzialy/stara-synagoga",200,2024-03-31
"http://www.muzeumazji.pl/",200,2024-03-31
"http://www.mhmt.pl",200,2024-03-31
"http://www.isrl.poznan.pl/pl/muzeum-wiedzy-o-srodowisku",NA,2024-03-31
"http://www.mhk.pl/branches/rynek-underground",404,2024-03-31
"http://www.wadowice.com/viewpage.php?page_id=5",200,2024-03-31
"http://www.muzeumwlokiennictwa.pl/",200,2024-03-31
"http://www.muzeum.slupsk.pl/",200,2024-03-31
"http://www.muzeum.slupsk.pl/",200,2024-03-31
"http://www.muzeum.slupsk.pl/",200,2024-03-31
"http://www.muzeum.slupsk.pl/",200,2024-03-31
"http://www.muzeum.miejskie.wroclaw.pl/CMS/muzeum_sztuki_medalierskiej/muzeum_sztuki_medalierskiej.html",404,2024-03-31
"http://www.chopin.museum/pl",200,2024-03-31
"http://muzeumpuck.pl",200,2024-03-31
"http://muzeumpuck.pl",200,2024-03-31
"http://www.mnpe.pl/",200,2024-03-31
"http://www.muzeumwlokiennictwa.pl/?lang=en",200,2024-03-31
"https://muzeumkrakowa.pl/en/branches/eagle-pharmacy",200,2024-03-31
"https://muzeumkrakowa.pl/oddzialy/apteka-pod-orlem",200,2024-03-31
"https://www.muzeumkrakowa.pl",200,2024-03-31
"https://muzeumkrakowa.pl/en/branches/zwierzyniec-house",200,2024-03-31
"https://muzeumkrakowa.pl/oddzialy/dom-zwierzyniecki",200,2024-03-31
"http://muzeumbytow.pl/",200,2024-03-31
"http://mng.gda.pl/oddzialy/oddzial-etnografii/",200,2024-03-31
"https://www.muzeum-kaszubskie.pl/",200,2024-03-31
"http://www.muzeumrolnictwa.pl/",200,2024-03-31
"http://www.muzeum-miejskie-zabrze.pl/",NA,2024-03-31
"http://www.muzmin.ing.uni.wroc.pl/",200,2024-03-31
"http://muzeumczarnkow.blox.pl/html",NA,2024-03-31
"http://muzeumutracone.pl/",200,2024-03-31
"http://www.orderusmiechu.pl/?q=muzeum",200,2024-03-31
"https://muzeumtatrzanskie.pl",200,2024-03-31
"http://www.muzeumlubelskie.pl",200,2024-03-31
"http://www.miiz.waw.pl/en/",200,2024-03-31
"http://www.pzu.pl/grupa-pzu/o-grupie/muzeum-ubezpieczen",404,2024-03-31
"http://www.muzeum-przyrodnicze.uni.wroc.pl/",NA,2024-03-31
"http://www.muzeum-przyrodnicze.uni.wroc.pl/eng",NA,2024-03-31
"http://www.mprl.pl/",200,2024-03-31
"http://www.muzeumharcerstwa.pl/",200,2024-03-31
"http://www.zamekujazdowski.art.pl/",200,2024-03-31
"https://www.mimk.com.pl/",NA,2024-03-31
"https://diecezja.pl/muzea-archidiecezji/muzeum-katedralne-na-wawelu/",200,2024-03-31
"https://uek.krakow.pl/uniwersytet/struktura/muzeum-uek",200,2024-03-31
"https://muzeumwitrazu.pl/language/pl/",200,2024-03-31
"http://www.muzeum.biecz.pl/",200,2024-03-31
"http://www.muzeumcieszyn.pl/",200,2024-03-31
"http://www.mkw.e-sochaczew.pl",NA,2024-03-31
"http://www.orawa.eu/",200,2024-03-31
"http://www.orawa.eu/",200,2024-03-31
"https://muzeumkrakowa.pl/oddzialy/ulica-pomorska",200,2024-03-31
"https://muzeumkrakowa.pl/oddzialy/ulica-pomorska",200,2024-03-31
"http://www.muzeum.jedrzejow.pl",200,2024-03-31
"https://nmm.pl/en/vistula-lagoon-museum/",200,2024-03-31
"https://nmm.pl/muzeum-zalewu-wislanego/",200,2024-03-31
"http://www.muzeum-sierakow.pl/",200,2024-03-31
"http://www.mhmg.gda.pl/index.php?oddzial=5",NA,2024-03-31
"http://www.mmow.pl/",200,2024-03-31
"https://www.muzeum-lodz.pl",200,2024-03-31
"https://muzeum-dabrowa.pl/",200,2024-03-31
"http://www.mwb.com.pl/mwb2015/",200,2024-03-31
"http://www.muzeum-radom.pl/",200,2024-03-31
"http://www.muzeum-radom.pl/",200,2024-03-31
"https://mwmskansen.pl/",200,2024-03-31
"http://muzeumwspolczesne.pl/",200,2024-03-31
"http://www.muzeum.turek.pl",200,2024-03-31
"http://www.historia.goleniow.pl/",200,2024-03-31
"http://www.muzeum.walcz.pl",404,2024-03-31
"http://izbahistoryczna.prv.pl/",200,2024-03-31
"http://kultura.murowana-goslina.pl",404,2024-03-31
"http://www.muzeummotyli.com",200,2024-03-31
"http://muzeum.rawicz.pl/",200,2024-03-31
"http://www.osada.czorsztyn.pl/",NA,2024-03-31
"http://muzeumpolskiejwodki.pl/",200,2024-03-31
"http://www.centrumgorskie.pl/",200,2024-03-31
"http://www.muzeum-spadochroniarstwa.pl/",200,2024-03-31
"https://muzeum.opole.pl/muzeum-czynu-powstanczego/",200,2024-03-31
"http://www.oleskiemuzeum.pl",200,2024-03-31
"http://muzeumkozle.pl/",200,2024-03-31
"http://www.glubczyce.e-bp.pl/muzeum/muzeum.php",404,2024-03-31
"http://www.polska1.pl/",200,2024-03-31
"http://www.zamekwisnicz.pl/muzeum-ziemi-wisnickiej",404,2024-03-31
"http://www.muzeumcukrownictwa.pl",200,2024-03-31
"http://www.browarlwowek.pl/browar/muzeum-browarnictwa.html",403,2024-03-31
"https://www.browarlwowek.pl/muzeum-browarnictwa.html",403,2024-03-31
"http://muzeum-gwizdka.pl",NA,2024-03-31
"http://www.wiatrakmuzeum.rydzyna.pl",200,2024-03-31
"http://www.zabytkowe-wiatraki.pl",200,2024-03-31
"https://www.mnkd.pl/",200,2024-03-31
"http://www.peda-muzeum.org",200,2024-03-31
"http://www.motoretro.org.pl/",200,2024-03-31
"http://www.mzuj.uj.edu.pl/cep.html",NA,2024-03-31
"http://www.grodpobiedziska.pl/",200,2024-03-31
"http://www.militariacieszyn.pl/index.php?option=com_content&view=article&id=112&Itemid=123",200,2024-03-31
"http://www.muzeumbombki.pl",200,2024-03-31
"https://www.domektkaczki.pl/",200,2024-03-31
"http://lubliniec.pl/muzeum-edyty-stein",200,2024-03-31
"http://www.uslugihotelowe17.pl/muzeum",200,2024-03-31
"http://www.muzeumgeodezji.pl",NA,2024-03-31
"http://www.prosat.net.pl/~hadyniak/turew/",404,2024-03-31
"http://www.muzeumgorzelnictwa.pl",NA,2024-03-31
"http://www.muzeumkomputerow.edu.pl",200,2024-03-31
"http://mhe-elk.pl/",200,2024-03-31
"http://www.muzeum.andrychow.pl",200,2024-03-31
"http://muzeumpamiatka.pl",200,2024-03-31
"http://muzeum-hutnictwa.pl/",200,2024-03-31
"http://muzeumindian.pl",200,2024-03-31
"http://book.art.pl/",200,2024-03-31
"http://www.muzeum.jaw.pl",200,2024-03-31
"http://www.muzeummyslowic.pl",200,2024-03-31
"http://www.mmdz.pl",200,2024-03-31
"http://www.muzeum.raciborz.pl/",NA,2024-03-31
"https://muzeum.zory.pl",200,2024-03-31
"http://www.muzeum-zywiec.pl",200,2024-03-31
"http://www.militariaanhol.pl/",NA,2024-03-31
"http://muzeummlynarstwa.pl",200,2024-03-31
"http://www.ojcowskiparknarodowy.pl/main/muzeum.html",200,2024-03-31
"http://www.muzeumprl-u.pl",200,2024-03-31
"http://www.pacowa-chata.pl",200,2024-03-31
"http://muzeum.lisowice.com/",200,2024-03-31
"http://www.muzeum.sacz.pl/50,23,Muzeum_Pieninskie_im__J__Szalaya_w_Szlachtowej.htm",404,2024-03-31
"http://www.muzeum.nowytarg.pl/",NA,2024-03-31
"http://www.pk.edu.pl/index.php?option=com_content&task=view&id=69&Itemid=180",200,2024-03-31
"http://www.muzeumpiosenki.pl/",200,2024-03-31
"http://www.bdpn.pl/index.php?option=com_content&task=view&id=97&Itemid=106&limit=1&limitstart=0",200,2024-03-31
"http://www.isez.pan.krakow.pl/muzeum.html",200,2024-03-31
"https://tpn.pl/poznaj/wystawy-1/poznaj/wystawy-14",200,2024-03-31
"http://www.wielkopolskipn.pl/index.php/park/kategoria/pl/wpn-MUZEUM/77",404,2024-03-31
"http://www.swietokrzyskipn.org.pl/edukacja/muzeum/",200,2024-03-31
"http://www.muzeumknieja.pl/",200,2024-03-31
"http://www.muzeum-szreniawa.pl/?q=pl/node/15",200,2024-03-31
"https://lck.libiaz.pl/libiaz/kpl/",404,2024-03-31
"http://www.muzeum.praszka.pl",200,2024-03-31
"http://www.muzeum-saturn.czeladz.pl",200,2024-03-31
"http://muzeumkrobia.pl",200,2024-03-31
"http://www.chatawalonska.pl/strona,161.html",403,2024-03-31
"http://www.muzeumtkactwa.pl",403,2024-03-31
"http://barania-gora.cotg.pttk.pl/",200,2024-03-31
"http://www.muzeum.leszno.pl/strona_PL/",200,2024-03-31
"http://www.muzeum.leszno.pl/strona_PL/",200,2024-03-31
"http://cepl.sggw.pl/muzeum/",NA,2024-03-31
"http://www.kleeberczycy.pl/",200,2024-03-31
"http://www.walpomorski.pl",200,2024-03-31
"http://www.muzeum-drozdowo.pl/",200,2024-03-31
"https://muzeum.boleslawiec.pl/",200,2024-03-31
"https://muzeum.boleslawiec.pl/",200,2024-03-31
"http://www.schron.szczecin.pl",200,2024-03-31
"http://www.geopark-kielce.pl/",200,2024-03-31
"http://www.szklanydom.maslow.pl/",200,2024-03-31
"http://www.kudowa.pl/pl/atrakcje/skansen",404,2024-03-31
"http://ekocentrum.pngs.com.pl",200,2024-03-31
"http://muzeum_zaby.republika.pl",404,2024-03-31
"http://www.owidz.pl/",200,2024-03-31
"http://grunwald.warmia.mazury.pl/",NA,2024-03-31
"http://www.okl.lasy.gov.pl/",200,2024-03-31
"http://www.muzeumczartoryskich.pulawy.pl",200,2024-03-31
"http://muzeumwsi.wojaszowka.pl/",200,2024-03-31
"http://www.domekzeromskiego.pl/",200,2024-03-31
"http://www.mp.umk.pl/",NA,2024-03-31
"http://www.redbor.pl/",200,2024-03-31
"http://www.agatesworld.eu/",NA,2024-03-31
"http://www.sokolowskiminerals.com.pl/pl/content/9-muzeum-mineralow-kudowa-zdroj",404,2024-03-31
"http://www.myczkowce.org.pl/index.php?option=com_content&task=view&id=35&Itemid=54",404,2024-03-31
"http://www.myczkowce.org.pl/index.php?option=com_content&task=view&id=35&Itemid=54",404,2024-03-31
"http://www.zlotagora.com/pl",404,2024-03-31
"http://www.ompio.pl",200,2024-03-31
"http://www.mikroskala.eu/",200,2024-03-31
"http://www.miniaturyolszowa.pl/",NA,2024-03-31
"http://www.muzeumbialystok.com.pl/",NA,2024-03-31
"http://muzeum.slonsk.pl/",200,2024-03-31
"http://www.baltyckiparkminiatur.pl/",200,2024-03-31
"http://spiskakraina.pl/pl/",403,2024-03-31
"http://park-miniatur.com.pl/",200,2024-03-31
"http://muzeumzarki.pl/",200,2024-03-31
"http://www.gebiczyn.org/node/80",404,2024-03-31
"http://www.dobrzyca-muzeum.pl/",200,2024-03-31
"http://bazylikastw.pl/muzeum-jana-pawla-ii/",200,2024-03-31
"http://www.muzeumgitary.pl/",200,2024-03-31
"http://www.ecpip.pl/",200,2024-03-31
"http://www.muzeumpiasnickie.pl",200,2024-03-31
"http://www.colbergiensis.pl/",200,2024-03-31
"http://muzeummotoryzacjiprl.pl/",200,2024-03-31
"http://www.skansen-markowa.pl",200,2024-03-31
"http://spichlerzpolskiegorocka.pl/",200,2024-03-31
"http://mhprl.pl/sandomierz.html",404,2024-03-31
"http://mhprl.pl/piaseczno/",200,2024-03-31
"http://festung.org/optyn.php",404,2024-03-31
"http://www.muzeumdomkow.pl/",200,2024-03-31
"http://muzeumsienkiewicza.eu/",200,2024-03-31
"http://www.hel.ug.edu.pl/aktu/dom_morswina_zaprasza.html",NA,2024-03-31
"http://weglew.pl",NA,2024-03-31
"http://muzeum-zamojskie.pl/",403,2024-03-31
"http://www.dulag121.pl",200,2024-03-31
"http://www.muzeum.cieszyn.org.pl",403,2024-03-31
"http://www.kaszubskiparkminiatur.pl/",200,2024-03-31
"http://www.muzeum.elblag.pl",200,2024-03-31
"http://www.muzeumwisla.muzeumcieszyn.pl/",200,2024-03-31
"http://www.juraparkkrasiejow.pl/index.php",200,2024-03-31
"http://scwis.pl/",200,2024-03-31
"http://www.krzywawieza.eu",200,2024-03-31
"http://muzeumluzyckie.pl",200,2024-03-31
"http://www.muzeumzary.pl",200,2024-03-31
"http://www.muzeum-zlotow.pl",200,2024-03-31
"http://www.muzeum-zabawek.pl",NA,2024-03-31
"http://muzeum-zamek.pl",200,2024-03-31
"http://www.gokczyzew.pl/",200,2024-03-31
"http://www.muzeum.sejny.pl/",200,2024-03-31
"http://www.chatawalonska.pl",403,2024-03-31
"http://www.muzeum.kluczbork.pl/",200,2024-03-31
"http://www.muzeum.bochnia.pl",NA,2024-03-31
"http://www.muzeum.nysa.pl",200,2024-03-31
"http://www.muzeumslusarstwa.pl",200,2024-03-31
"http://www.centrumpozarnicze.pl",200,2024-03-31
"http://muzeum.ustrzykigorne.pttk.pl/",404,2024-03-31
"http://muzeum.ostroleka.pl/",200,2024-03-31
"http://parkhistorycznyblizna.pl/",200,2024-03-31
"https://www.muzeum-cieplice.pl/",200,2024-03-31
"http://www.muzeum.com.pl/component/option,com_frontpage/Itemid,1/lang,polish/",404,2024-03-31
"https://muzeumetnograficzne.pl",200,2024-03-31
"http://chatakawuloka.eu",403,2024-03-31
"https://muzeumkrakowa.pl/oddzialy/palac-krzysztofory",200,2024-03-31
"https://muzeumkrakowa.pl/en/branches/krzysztofory-palace",200,2024-03-31
"http://muzeum.uni.wroc.pl/",200,2024-03-31
"http://muzeum.uni.wroc.pl/",200,2024-03-31
"http://muzeum.uni.wroc.pl/muzeum/",200,2024-03-31
"http://muzeum.uni.wroc.pl/muzeum/",200,2024-03-31
"http://muzeum.uni.wroc.pl/",200,2024-03-31
"http://muzeum.uni.wroc.pl/",200,2024-03-31
"http://muzeum.uni.wroc.pl/muzeum/",200,2024-03-31
"http://muzeum.uni.wroc.pl/muzeum/",200,2024-03-31
"https://www.cpnbp.pl",200,2024-03-31
"http://muzeumciechanow.pl/",200,2024-03-31
"https://muzeumtreblinka.eu/",200,2024-03-31
"http://www.mhmg.gda.pl",NA,2024-03-31
"http://www.mhmg.gda.pl",NA,2024-03-31
"http://www.celestynow.warszawa.lasy.gov.pl/",200,2024-03-31
"http://wroclaw.kolejkowo.pl/",404,2024-03-31
"https://ordynariat.muzeumwarszawy.pl/",500,2024-03-31
"http://www.helmuzeum.pl/",200,2024-03-31
"http://www.karmelitanki.pl/domgeneralny/muzeum/",200,2024-03-31
"https://muzeum.archwarmia.pl/",200,2024-03-31
"http://mnki.pl/sienkiewicz/",200,2024-03-31
"http://chatakawuloka.eu/",403,2024-03-31
"http://www.schron.webfabryka.pl/",NA,2024-03-31
"http://www.wmn.poznan.pl",200,2024-03-31
"http://www.etnomuzeum.pl",200,2024-03-31
"http://www.cogiteon.pl",200,2024-03-31
"http://www.muzeum.jaworze.pl",200,2024-03-31
"https://zajezdnia.org/",NA,2024-03-31
"http://www.antropo.uni.wroc.pl/muzeum_czlowieka/",404,2024-03-31
"http://www.frombork.art.pl/",200,2024-03-31
"http://katedra.radom.pl/muzeum-katedralne/",200,2024-03-31
"http://muzeum.frombork.pl",200,2024-03-31
"http://muzeumslowianskie.pl/",200,2024-03-31
"http://gikme.pl",200,2024-03-31
"http://www.muzeumgiervideo.pl/",200,2024-03-31
"https://muzeum-ziemi-braniewskiej.business.site/",200,2024-03-31
"http://www.mck-bydgoszcz.pl/?p=placowki&id=5",200,2024-03-31
"http://www.micet.pl//",200,2024-03-31
"http://www.muzeumminiaturowejsztukiprofesjonalnejhenrykjandominiak.eu",200,2024-03-31
"https://muzeumminiaturowejsztukiprofesjonalnejhenrykjandominiak.eu/wp/usa/",200,2024-03-31
"http://www.torun-plaza.pl/pl/aktualnosci/muzeum-sportu-zuzlowego-speedway-nostalgia.html",404,2024-03-31
"http://www.muzeum.ketrzyn.pl/",200,2024-03-31
"http://muzeumbytow.pl/plotowo/",200,2024-03-31
"http://www.muzeum.susiec.pl",200,2024-03-31
"http://www.etnomuzeum.pl",200,2024-03-31
"http://www.belzec.eu/pl",NA,2024-03-31
"http://muzeum-swarzedz.pl/category/aktualnosci/",403,2024-03-31
"https://muzeum.torun.pl/muzeum-historii-torunia-w-domu-eskenow/",200,2024-03-31
"https://muzeum.torun.pl/en/museum-of-far-east-art-in-the-star-house/",200,2024-03-31
"http://muzeum.torun.pl/dom-mikolaja-kopernika/",200,2024-03-31
"http://www.muzeum.wum.edu.pl",200,2024-03-31
"http://www.muzeummotyli.pl/",200,2024-03-31
"https://www.it.zgorzelec.pl/index.php?option=com_content&task=view&id=75&Itemid=41",200,2024-03-31
"http://cal.pionki.pl/izba-regionalna-i-czarna-plyta/",NA,2024-03-31
"http://lidzbark.muzeum.olsztyn.pl/",200,2024-03-31
"http://www.muzeumwodki.pl/",200,2024-03-31
"https://www.karkonoskietajemnice.pl/",200,2024-03-31
"http://www.muzeumpit.pl/",404,2024-03-31
"https://www.domdlugosza.sandomierz.org/",200,2024-03-31
"http://www.muzeumprudnik.pl/muzeum-tresc-7-centrum_tradycji_tkackich.html",200,2024-03-31
"http://www.fotelkatapultowy.pl/",200,2024-03-31
"https://muzeum.elblag.pl/",200,2024-03-31
"https://augustzamoyski.eu/",200,2024-03-31
"https://www.muzeumbadanpolarnych.pl/",200,2024-03-31
"http://www.muzeumostrowiec.pl/",200,2024-03-31
"http://www.muzeum-wegorzewo.pl/",500,2024-03-31
"https://muzeum.pabianice.pl/",200,2024-03-31
"https://muzeum.bierun.pl/",200,2024-03-31
"https://www.muzeum.niepolomice.pl/",200,2024-03-31
"http://www.muzeum.pila.pl/",200,2024-03-31
"https://muzeum.suwalki.pl/",200,2024-03-31
"https://muzeum.kluczkowice.pl/",200,2024-03-31
"https://muzeumstaszica.pl/",200,2024-03-31
"http://muzeum.kostrzyn.pl/de/",200,2024-03-31
"http://muzeum.kostrzyn.pl/pl/",200,2024-03-31
"https://www.muzeumwlewkowie.pl/",200,2024-03-31
"http://www.muzeumleczyca.pl/",200,2024-03-31
"https://muzeum.przeworsk.pl/",200,2024-03-31
"https://muzeum.przeworsk.pl/strona-glowna-gb/",200,2024-03-31
"https://www.muzeumtomaszow.pl/",200,2024-03-31
"https://muzeumblonie.pl/",200,2024-03-31
"http://muzeum.miechow.pl/",200,2024-03-31
"http://muzeumznin.pl/",200,2024-03-31
"https://koszuty.pl/",NA,2024-03-31
"https://oleskiemuzeum.pl/",200,2024-03-31
"https://de.gross-rosen.eu/",200,2024-03-31
"https://en.gross-rosen.eu/",200,2024-03-31
"https://www.gross-rosen.eu/",200,2024-03-31
"http://www.zamek-sandomierz.pl/",200,2024-03-31
"https://www.muzeumpamieci.pl/",200,2024-03-31
"https://www.muzeumpamieci.pl/?lang=en",200,2024-03-31
"https://archimuzeum.pl/",200,2024-03-31
"https://papczynski.pl/muzeum/",200,2024-03-31
"http://www.markowice.eu/aktualnosci.121.muzeum_markowickiego_sanktuarium.html",200,2024-03-31
"https://mbimwl.pl.tl/",200,2024-03-31
"https://2korpus.pl/",200,2024-03-31
"http://zci.zamosc.pl/page/660/muzeum-3-dywizji-piechoty-legionow.html",200,2024-03-31
"http://jazda-historyczna.pl/",200,2024-03-31
"http://www.muzeum.kurpie.com.pl/",200,2024-03-31
"https://www.msjp2.pl/",200,2024-03-31
"https://garnizonrozan.com/",NA,2024-03-31
"https://www.muzeumkowalstwa.pl/",200,2024-03-31
"https://kskwroclaw.pl/dolnoslaskie-spoleczne-muzeum-kolejnictwa/",200,2024-03-31
"https://muzeum.asp.waw.pl/",200,2024-03-31
"http://muzeumbursztynu.kolobrzeg.pl/",200,2024-03-31
"http://modlinmuzeum.pl/",200,2024-03-31
"https://marcepany.pl/",200,2024-03-31
"https://starakopalnia.pl/muzeum-przemyslu-i-techniki/",200,2024-03-31
"https://muzeumsusz.pl/",403,2024-03-31
"http://mswojsk.com/",200,2024-03-31
"https://www.kurtiak-ley.pl/wydawnictwo-artystyczne-kurtiak-ley/introligatorstwo/muzeum-sztuki-ksiazki/",200,2024-03-31
"https://www.cricoteka.pl/pl/muzeum/",200,2024-03-31
"https://muzeumbronipancern.wixsite.com/museum",200,2024-03-31
"http://www.cet.stawymilickie.pl/pl,muzeum,tradycji,rybactwa,68.html",200,2024-03-31
"https://www.pmw.pila.pl/",200,2024-03-31
"https://muzeumdziecipolskich.pl/",200,2024-03-31
"https://muzeumdziecipolskich.pl/de",200,2024-03-31
"https://muzeumdziecipolskich.pl/en",200,2024-03-31
"https://muzeumdziecipolskich.pl/ru",200,2024-03-31
"https://muzeumdziecipolskich.pl/ua",200,2024-03-31
"https://muzeumplock.eu/en/oddzialy/the-vistula-museum-in-wyszogrod/",200,2024-03-31
"https://muzeumplock.eu/oddzialy/muzeum-wisly-w-wyszogrodzie/",200,2024-03-31
"https://zamek.org.pl/",200,2024-03-31
"https://zamekoporow.pl/",200,2024-03-31
"http://liw-zamek.pl/",200,2024-03-31
"http://www.muzeum-miedzyrzecz.pl/",NA,2024-03-31
"https://papiernia.eu/",200,2024-03-31
"http://muzeumbojkow.pl/",200,2024-03-31
"https://muzeum-oreza-polskiego-im-1-brygady-pancernej-im.business.site/",200,2024-03-31
"http://zamek.dobczyce.pl/",200,2024-03-31
"http://zamekkrokowa.pl/de/muzeum/",200,2024-03-31
"http://zamekkrokowa.pl/en/muzeum/",200,2024-03-31
"http://zamekkrokowa.pl/pl/muzeum/",200,2024-03-31
"http://www.muzeumpilzno.pl/",200,2024-03-31
"http://www.muzeumpilzno.pl/museum-en",200,2024-03-31
"http://janwalach.com/",200,2024-03-31
"https://www.mpwik.com.pl/view/spacer-po-zakladzie-centralnym---muzeum",200,2024-03-31
"https://applemuzeumpolska.pl",200,2024-03-31
"http://muzeum.gda.pl",200,2024-03-31
"https://muzeum.ug.edu.pl/",200,2024-03-31
"http://mdlot.pl/",NA,2024-03-31
"http://muzeum.dzialdowo.pl/",200,2024-03-31
"http://muzeum.dzialdowo.pl/",200,2024-03-31
"https://muzeum.torun.pl/muzeum-twierdzy-torun/",200,2024-03-31
"https://www.muzeumobwarzanka.com/",200,2024-03-31
"https://muzeum.miejskie.wroclaw.pl/en/museum/militariow/",200,2024-03-31
"https://muzeum.miejskie.wroclaw.pl/museum/militariow/",200,2024-03-31
"https://muzeum.wloclawek.pl/muzea/muzeum-historii-wloclawka/",200,2024-03-31
"https://muzeum.zwolen.pl/",200,2024-03-31
"http://muzeum.diecezja.wloclawek.pl/",NA,2024-03-31
"http://domlegend.pl/",200,2024-03-31
"https://akzamosc.pl/muzeum/",200,2024-03-31
"https://www.muzeumrakowiecka37.pl/",403,2024-03-31
"https://muzeum-lubin.pl/",200,2024-03-31
"http://projektarado.pl/",200,2024-03-31
"https://csenigma.pl/",200,2024-03-31
"https://muzeumtatrzanskie.pl/filie/muzeum-kornela-makuszynskiego/",200,2024-03-31
"https://muzeumtatrzanskie.pl/filie/muzeum-kornela-makuszynskiego/",200,2024-03-31
"http://muzeumpiotrkow.pl/",200,2024-03-31
"https://www.muzeum-sieradz.com.pl",200,2024-03-31
"http://www.muzeumzary.pl",200,2024-03-31
"http://www.muzeumzary.pl/de/",200,2024-03-31
"http://www.muzeumzary.pl/en/",200,2024-03-31
"https://www.muzeumzamoyskich.pl/",200,2024-03-31
"https://www.zamek-lancut.pl/pl/",200,2024-03-31
"https://www.zamekdarlowo.pl/",200,2024-03-31
"http://muzeumrycerzy.pl/",200,2024-03-31
"https://www.asp.wroc.pl/muzeum",404,2024-03-31
"http://muzeum.stacjanieborow.pl/",200,2024-03-31
"https://www.mnzp.pl/",200,2024-03-31
"https://muzeumtatrzanskie.pl/filie/chalupa-gasienicow-sobczakow/",200,2024-03-31
"https://muzeumakordeonu.com.pl/muzeum/",200,2024-03-31
"https://muzeumdrukarstwa.muzeumwarszawy.pl/",200,2024-03-31
"https://www.mgslodz.pl/",200,2024-03-31
"https://p.lodz.pl/uczelnia/historia-pl/muzeum-pl",200,2024-03-31
"http://stawisko.pl/",200,2024-03-31
"http://stawisko.pl/",200,2024-03-31
"https://bunkry.pl/",200,2024-03-31
"https://muzeumskarbnarodu.pl/",200,2024-03-31
"http://www.zamek.brzeg.pl/",NA,2024-03-31
"http://zamek.brzeg.pl/",200,2024-03-31
"http://dworkossakow.pl/",200,2024-03-31
"http://www.pixelmaniak.pl/",200,2024-03-31
"http://www.muzeumpileckich.pl/",200,2024-03-31
"https://www.1944.pl/celebezpieki.html",200,2024-03-31
"https://www.1944.pl/celebezpieki.html",200,2024-03-31
"https://visiting.europarl.europa.eu/en/visitor-offer/other-locations/europa-experience/warsaw",200,2024-03-31
"http://barania-gora.cotg.pttk.pl/kontakt.html",200,2024-03-31
"http://muzeum.sum.edu.pl/",200,2024-03-31
