"article_title","article_id","filename","nchar"
"Aeroscopia","5031467","Aeroscopia__pageid-5031467.txt",212
"Airborne Museum","2616544","Airborne_Museum__pageid-2616544.txt",5463
"Bateria Westreme","3920923","Bateria_Westreme__pageid-3920923.txt",2856
"Casa Rocca Piccola","3324969","Casa_Rocca_Piccola__pageid-3324969.txt",887
"Castello Dei Baroni","4311135","Castello_Dei_Baroni__pageid-4311135.txt",7283
"Centralne Muzeum Jeńców Wojennych","998545","Centralne_Muzeum_Jeńców_Wojennych__pageid-998545.txt",8230
"Centrum Kulturalne Jean Marie Tjibaou","2169182","Centrum_Kulturalne_Jean_Marie_Tjibaou__pageid-2169182.txt",1155
"Cité du train","5120224","Cité_du_train__pageid-5120224.txt",293
"Cité du Vin","4252237","Cité_du_Vin__pageid-4252237.txt",1180
"Clos Lucé","642875","Clos_Lucé__pageid-642875.txt",839
"Cytadela w Saint Tropez","3980642","Cytadela_w_Saint_Tropez__pageid-3980642.txt",3525
"Czarci Młyn w Świeradowie Zdroju","3464814","Czarci_Młyn_w_Świeradowie_Zdroju__pageid-3464814.txt",2219
"Czeskie Muzeum Farmacji","1588466","Czeskie_Muzeum_Farmacji__pageid-1588466.txt",1448
"Dom ciotki Leonii","3161541","Dom_ciotki_Leonii__pageid-3161541.txt",555
"Domek Abrahama","3125417","Domek_Abrahama__pageid-3125417.txt",647
"Domvs Romana","4100862","Domvs_Romana__pageid-4100862.txt",3815
"Drents Museum w Assen","1787312","Drents_Museum_w_Assen__pageid-1787312.txt",2034
"Edukacja muzealna","2264906","Edukacja_muzealna__pageid-2264906.txt",2340
"Fabryka Emalia Oskara Schindlera","2000135","Fabryka_Emalia_Oskara_Schindlera__pageid-2000135.txt",5794
"Fallingwater","1135945","Fallingwater__pageid-1135945.txt",3758
"Fishing Bridge Museum","2593644","Fishing_Bridge_Museum__pageid-2593644.txt",1884
"Fort Rinella","3840888","Fort_Rinella__pageid-3840888.txt",7427
"Fortifications Interpretation Centre w Valletcie","3973195","Fortifications_Interpretation_Centre_w_Valletcie__pageid-3973195.txt",4081
"Gabinet Numizmatyczny Mennicy Polskiej","3174454","Gabinet_Numizmatyczny_Mennicy_Polskiej__pageid-3174454.txt",1019
"Galicyjski Rynek","2414982","Galicyjski_Rynek__pageid-2414982.txt",15397
"Glass House","3563630","Glass_House__pageid-3563630.txt",2677
"Gran Castello Historic House","4303115","Gran_Castello_Historic_House__pageid-4303115.txt",1030
"Grupa warowna Bouda","1129130","Grupa_warowna_Bouda__pageid-1129130.txt",1517
"Grupa warowna Dobrošov","2104379","Grupa_warowna_Dobrošov__pageid-2104379.txt",1270
"Grupa warowna Hanička","1055293","Grupa_warowna_Hanička__pageid-1055293.txt",1523
"Grupa Warowna Stachelberg","4533531","Grupa_Warowna_Stachelberg__pageid-4533531.txt",3814
"Hoofdwacht  Haarlem ","2930958","Hoofdwacht__Haarlem___pageid-2930958.txt",1764
"International UFO Museum And Research Center","4063949","International_UFO_Museum_And_Research_Center__pageid-4063949.txt",621
"Kaplica Loretto  Santa Fe ","4796475","Kaplica_Loretto__Santa_Fe___pageid-4796475.txt",6421
"Kaplica Rothko","5435162","Kaplica_Rothko__pageid-5435162.txt",4147
"Klasztor Louka","1432962","Klasztor_Louka__pageid-1432962.txt",1960
"Kopalnia Michał  Ostrawa ","5183628","Kopalnia_Michał__Ostrawa___pageid-5183628.txt",2491
"Kościół św  Rocha w Żebbuġ","4481005","Kościół_św__Rocha_w_Żebbuġ__pageid-4481005.txt",4125
"Kröller Müller Museum","2244522","Kröller_Müller_Museum__pageid-2244522.txt",8214
"Lascaris War Rooms","3963797","Lascaris_War_Rooms__pageid-3963797.txt",4202
"Lekcja muzealna","4146093","Lekcja_muzealna__pageid-4146093.txt",737
"Leśna Huta w Szklarskiej Porębie","3279156","Leśna_Huta_w_Szklarskiej_Porębie__pageid-3279156.txt",1102
"Maczek Memorial Breda","5557782","Maczek_Memorial_Breda__pageid-5557782.txt",1621
"Maison Bonaparte","4074179","Maison_Bonaparte__pageid-4074179.txt",2121
"Mały Biały Dom","788670","Mały_Biały_Dom__pageid-788670.txt",927
"Międzynarodowa Rada Muzeów","2337614","Międzynarodowa_Rada_Muzeów__pageid-2337614.txt",751
"Międzynarodowy Dzień Muzeów","1997334","Międzynarodowy_Dzień_Muzeów__pageid-1997334.txt",1132
"Międzynarodowy Związek Muzeów Górskich","5352506","Międzynarodowy_Związek_Muzeów_Górskich__pageid-5352506.txt",1763
"Motorcycle Hall of Fame","690746","Motorcycle_Hall_of_Fame__pageid-690746.txt",376
"Mount Vernon  posiadłość ","440308","Mount_Vernon__posiadłość___pageid-440308.txt",468
"Musée maritime fluvial et portuaire de Rouen","1737333","Musée_maritime_fluvial_et_portuaire_de_Rouen__pageid-1737333.txt",1350
"Museum Boijmans Van Beuningen","2200511","Museum_Boijmans_Van_Beuningen__pageid-2200511.txt",10432
"Museum of Pop Culture","4562626","Museum_of_Pop_Culture__pageid-4562626.txt",2454
"Muzea Carnegie w Pittsburghu","1915569","Muzea_Carnegie_w_Pittsburghu__pageid-1915569.txt",388
"Muzea książki","5006953","Muzea_książki__pageid-5006953.txt",950
"Muzealia","4482436","Muzealia__pageid-4482436.txt",296
"Muzeologia","1308838","Muzeologia__pageid-1308838.txt",20202
"Muzeum   Zamek w Łańcucie","5068908","Muzeum___Zamek_w_Łańcucie__pageid-5068908.txt",1325
"Muzeum","9291","Muzeum__pageid-9291.txt",3938
"Muzeum Anestezjologii i Intensywnej Terapii w Ostrowie Wielkopolskim","524265","Muzeum_Anestezjologii_i_Intensywnej_Terapii_w_Ostrowie_Wielkopolskim__pageid-524265.txt",998
"Muzeum Archeologiczne Środkowego Nadodrza w Świdnicy","1334183","Muzeum_Archeologiczne_Środkowego_Nadodrza_w_Świdnicy__pageid-1334183.txt",931
"Muzeum Archeologiczne w Krakowie","518864","Muzeum_Archeologiczne_w_Krakowie__pageid-518864.txt",9821
"Muzeum Archeologiczne w Valletcie","3965377","Muzeum_Archeologiczne_w_Valletcie__pageid-3965377.txt",5142
"Muzeum Archeologii Gozo","3909489","Muzeum_Archeologii_Gozo__pageid-3909489.txt",843
"Muzeum Areszt IPN w Katowicach","3674403","Muzeum_Areszt_IPN_w_Katowicach__pageid-3674403.txt",1262
"Muzeum Arlezyjskie","3214300","Muzeum_Arlezyjskie__pageid-3214300.txt",866
"Muzeum Azji i Pacyfiku im  Andrzeja Wawrzyniaka w Warszawie","111502","Muzeum_Azji_i_Pacyfiku_im__Andrzeja_Wawrzyniaka_w_Warszawie__pageid-111502.txt",10913
"Muzeum Biograficzne Stanisława Klimowskiego","4210744","Muzeum_Biograficzne_Stanisława_Klimowskiego__pageid-4210744.txt",1993
"Muzeum Budownictwa Ludowego w Sanoku","497948","Muzeum_Budownictwa_Ludowego_w_Sanoku__pageid-497948.txt",18646
"Muzeum Ceramiki Kaszubskiej Neclów","981665","Muzeum_Ceramiki_Kaszubskiej_Neclów__pageid-981665.txt",2989
"Muzeum Chleba w Radzionkowie","753879","Muzeum_Chleba_w_Radzionkowie__pageid-753879.txt",2545
"Muzeum chmielarskie Žatec","4721485","Muzeum_chmielarskie_Žatec__pageid-4721485.txt",4327
"Muzeum Dom Rodziny Pileckich","5366971","Muzeum_Dom_Rodziny_Pileckich__pageid-5366971.txt",1147
"Muzeum Dzwonków w Jastrzębiu Zdroju","1282815","Muzeum_Dzwonków_w_Jastrzębiu_Zdroju__pageid-1282815.txt",850
"Muzeum Elementarza im  prof  Mariana Falskiego w Kuźnicy Grabowskiej","5516425","Muzeum_Elementarza_im__prof__Mariana_Falskiego_w_Kuźnicy_Grabowskiej__pageid-5516425.txt",5281
"Muzeum Esperanto w Svitavach","1970857","Muzeum_Esperanto_w_Svitavach__pageid-1970857.txt",1280
"Muzeum Etnograficzne im  Marii Znamierowskiej Prüfferowej w Toruniu","310924","Muzeum_Etnograficzne_im__Marii_Znamierowskiej_Prüfferowej_w_Toruniu__pageid-310924.txt",7816
"Muzeum Etnograficzne im  Seweryna Udzieli w Krakowie","500204","Muzeum_Etnograficzne_im__Seweryna_Udzieli_w_Krakowie__pageid-500204.txt",2464
"Muzeum Frédérica Mistrala w Maillane","3214340","Muzeum_Frédérica_Mistrala_w_Maillane__pageid-3214340.txt",1263
"Muzeum Garnizonu Ostrowskiego","602643","Muzeum_Garnizonu_Ostrowskiego__pageid-602643.txt",331
"Muzeum Gdańskiego Sportu i Turystyki","1434845","Muzeum_Gdańskiego_Sportu_i_Turystyki__pageid-1434845.txt",1667
"Muzeum Geologiczne w Klimontowie","3542023","Muzeum_Geologiczne_w_Klimontowie__pageid-3542023.txt",483
"Muzeum Górnictwa w Przybramiu","4056636","Muzeum_Górnictwa_w_Przybramiu__pageid-4056636.txt",4656
"Muzeum Hansa Klossa w Katowicach","1689863","Muzeum_Hansa_Klossa_w_Katowicach__pageid-1689863.txt",3825
"Muzeum Henryka Sienkiewicza w Oblęgorku","1960245","Muzeum_Henryka_Sienkiewicza_w_Oblęgorku__pageid-1960245.txt",7206
"Muzeum Historii Naturalnej w Lejdzie","3142446","Muzeum_Historii_Naturalnej_w_Lejdzie__pageid-3142446.txt",657
"Muzeum Historii Przemysłu w Opatówku","1292269","Muzeum_Historii_Przemysłu_w_Opatówku__pageid-1292269.txt",2636
"Muzeum Historyczne Miasta Krakowa","504652","Muzeum_Historyczne_Miasta_Krakowa__pageid-504652.txt",3568
"Muzeum Historyczne w Sanoku","1205061","Muzeum_Historyczne_w_Sanoku__pageid-1205061.txt",6205
"Muzeum Il Ħaġar w Victorii","4672121","Muzeum_Il_Ħaġar_w_Victorii__pageid-4672121.txt",2188
"Muzeum im  Hindenburga w Poznaniu","2967378","Muzeum_im__Hindenburga_w_Poznaniu__pageid-2967378.txt",3263
"Muzeum im  Jacka Malczewskiego w Radomiu","1370524","Muzeum_im__Jacka_Malczewskiego_w_Radomiu__pageid-1370524.txt",17574
"Muzeum im  Orła Białego","56780","Muzeum_im__Orła_Białego__pageid-56780.txt",2260
"Muzeum im  Zofii i Wacława Nałkowskich","2742595","Muzeum_im__Zofii_i_Wacława_Nałkowskich__pageid-2742595.txt",3054
"Muzeum Karola Świerczewskiego w Jabłonkach","3097600","Muzeum_Karola_Świerczewskiego_w_Jabłonkach__pageid-3097600.txt",710
"Muzeum Kaszubskie im  Franciszka Tredera w Kartuzach","21153","Muzeum_Kaszubskie_im__Franciszka_Tredera_w_Kartuzach__pageid-21153.txt",1181
"Muzeum Kaszubsko Pomorskie w Sopocie","3012200","Muzeum_Kaszubsko_Pomorskie_w_Sopocie__pageid-3012200.txt",586
"Muzeum Kazimierza Pułaskiego w Warce","2289802","Muzeum_Kazimierza_Pułaskiego_w_Warce__pageid-2289802.txt",2841
"Muzeum klasycznych samochodów na Malcie","4858641","Muzeum_klasycznych_samochodów_na_Malcie__pageid-4858641.txt",590
"Muzeum Kolejnictwa w Warszawie","543182","Muzeum_Kolejnictwa_w_Warszawie__pageid-543182.txt",7311
"Muzeum Kornela Makuszyńskiego w Zakopanem","4802084","Muzeum_Kornela_Makuszyńskiego_w_Zakopanem__pageid-4802084.txt",1557
"Muzeum Kowalstwa w Warszawie","4620175","Muzeum_Kowalstwa_w_Warszawie__pageid-4620175.txt",2454
"Muzeum Kowalstwa w Wojciechowie","1417389","Muzeum_Kowalstwa_w_Wojciechowie__pageid-1417389.txt",1614
"Muzeum Kultury Lalkarskiej w Chrudimiu","3614720","Muzeum_Kultury_Lalkarskiej_w_Chrudimiu__pageid-3614720.txt",1029
"Muzeum Kultury Romskiej w Brnie","5050979","Muzeum_Kultury_Romskiej_w_Brnie__pageid-5050979.txt",1426
"Muzeum Lat Szkolnych Stefana Żeromskiego","2320623","Muzeum_Lat_Szkolnych_Stefana_Żeromskiego__pageid-2320623.txt",4647
"Muzeum Lenina w Poroninie","940538","Muzeum_Lenina_w_Poroninie__pageid-940538.txt",2485
"Muzeum Limburskie w Venlo","1793458","Muzeum_Limburskie_w_Venlo__pageid-1793458.txt",659
"Muzeum Literatury im  Adama Mickiewicza w Warszawie","924499","Muzeum_Literatury_im__Adama_Mickiewicza_w_Warszawie__pageid-924499.txt",1238
"Muzeum Lotnictwa Polskiego w Krakowie","98857","Muzeum_Lotnictwa_Polskiego_w_Krakowie__pageid-98857.txt",18302
"Muzeum Lubuskie im  Jana Dekerta w Gorzowie Wielkopolskim","602943","Muzeum_Lubuskie_im__Jana_Dekerta_w_Gorzowie_Wielkopolskim__pageid-602943.txt",7489
"Muzeum Ludowych Instrumentów Muzycznych w Szydłowcu","1033347","Muzeum_Ludowych_Instrumentów_Muzycznych_w_Szydłowcu__pageid-1033347.txt",18209
"Muzeum Martyrologii  Pod Zegarem  w Lublinie","917453","Muzeum_Martyrologii__Pod_Zegarem__w_Lublinie__pageid-917453.txt",1108
"Muzeum Mazowieckie w Płocku","402923","Muzeum_Mazowieckie_w_Płocku__pageid-402923.txt",1370
"Muzeum Medycyny i Farmacji Śląskiego Uniwersytetu Medycznego","5532330","Muzeum_Medycyny_i_Farmacji_Śląskiego_Uniwersytetu_Medycznego__pageid-5532330.txt",905
"Muzeum Miasta i Rzeki Warty","3138689","Muzeum_Miasta_i_Rzeki_Warty__pageid-3138689.txt",2577
"Muzeum Michaiła Kutuzowa w Bolesławcu","3508236","Muzeum_Michaiła_Kutuzowa_w_Bolesławcu__pageid-3508236.txt",1979
"Muzeum Miejskie Dzierżoniowa","3031008","Muzeum_Miejskie_Dzierżoniowa__pageid-3031008.txt",579
"Muzeum Miejskie w Świętochłowicach","462635","Muzeum_Miejskie_w_Świętochłowicach__pageid-462635.txt",2575
"Muzeum Misiów w Zakopanem","3167109","Muzeum_Misiów_w_Zakopanem__pageid-3167109.txt",633
"Muzeum Młynarstwa Powietrznego w Bęsi","3150846","Muzeum_Młynarstwa_Powietrznego_w_Bęsi__pageid-3150846.txt",1313
"Muzeum Morskie Malty","4373502","Muzeum_Morskie_Malty__pageid-4373502.txt",14399
"Muzeum Motoryzacji w Nieborowie","5014535","Muzeum_Motoryzacji_w_Nieborowie__pageid-5014535.txt",601
"Muzeum Mydła i Historii Brudu w Bydgoszczy","2912336","Muzeum_Mydła_i_Historii_Brudu_w_Bydgoszczy__pageid-2912336.txt",2180
"Muzeum Nadwiślańskie w Kazimierzu Dolnym","3087224","Muzeum_Nadwiślańskie_w_Kazimierzu_Dolnym__pageid-3087224.txt",877
"Muzeum Napoleońskie","2488985","Muzeum_Napoleońskie__pageid-2488985.txt",879
"Muzeum Narodowe Demokratycznej Republiki Konga","4778605","Muzeum_Narodowe_Demokratycznej_Republiki_Konga__pageid-4778605.txt",961
"Muzeum Narodowe Tanzanii","3854809","Muzeum_Narodowe_Tanzanii__pageid-3854809.txt",4720
"Muzeum Narodowe w Kielcach","1530325","Muzeum_Narodowe_w_Kielcach__pageid-1530325.txt",18142
"Muzeum Narodowe w Krakowie","482463","Muzeum_Narodowe_w_Krakowie__pageid-482463.txt",41395
"Muzeum Narodowe w Lublinie","917138","Muzeum_Narodowe_w_Lublinie__pageid-917138.txt",4716
"Muzeum Narodowe w Warszawie","3939","Muzeum_Narodowe_w_Warszawie__pageid-3939.txt",40778
"Muzeum Narodowe Ziemi Przemyskiej w Przemyślu","1136676","Muzeum_Narodowe_Ziemi_Przemyskiej_w_Przemyślu__pageid-1136676.txt",2525
"Muzeum Nauki Nemo w Amsterdamie","5416604","Muzeum_Nauki_Nemo_w_Amsterdamie__pageid-5416604.txt",565
"Muzeum Niepodległości w Warszawie","686846","Muzeum_Niepodległości_w_Warszawie__pageid-686846.txt",868
"Muzeum Obojga Narodów w Bielsku Podlaskim","2812781","Muzeum_Obojga_Narodów_w_Bielsku_Podlaskim__pageid-2812781.txt",4321
"Muzeum Okręgowe im  Leona Wyczółkowskiego w Bydgoszczy","1919803","Muzeum_Okręgowe_im__Leona_Wyczółkowskiego_w_Bydgoszczy__pageid-1919803.txt",25432
"Muzeum Okręgowe w Rzeszowie","402697","Muzeum_Okręgowe_w_Rzeszowie__pageid-402697.txt",2121
"Muzeum Okręgowe w Toruniu","1089558","Muzeum_Okręgowe_w_Toruniu__pageid-1089558.txt",11045
"Muzeum Okręgowe Ziemi Kaliskiej w Kaliszu","1000874","Muzeum_Okręgowe_Ziemi_Kaliskiej_w_Kaliszu__pageid-1000874.txt",2552
"Muzeum Oręża Polskiego w Kołobrzegu","1157414","Muzeum_Oręża_Polskiego_w_Kołobrzegu__pageid-1157414.txt",5263
"Muzeum Ostrawskie","2329842","Muzeum_Ostrawskie__pageid-2329842.txt",1356
"Muzeum Pałacu Króla Jana III w Wilanowie","808010","Muzeum_Pałacu_Króla_Jana_III_w_Wilanowie__pageid-808010.txt",1571
"Muzeum Pierwszych Piastów na Lednicy","1683536","Muzeum_Pierwszych_Piastów_na_Lednicy__pageid-1683536.txt",3962
"Muzeum Piśmiennictwa i Drukarstwa","1847638","Muzeum_Piśmiennictwa_i_Drukarstwa__pageid-1847638.txt",2469
"Muzeum Początków Państwa Polskiego w Gnieźnie","781571","Muzeum_Początków_Państwa_Polskiego_w_Gnieźnie__pageid-781571.txt",3844
"Muzeum Poczty Malty","3973479","Muzeum_Poczty_Malty__pageid-3973479.txt",2645
"Muzeum Podkarpackie w Krośnie","606609","Muzeum_Podkarpackie_w_Krośnie__pageid-606609.txt",1177
"Muzeum Podlaskie w Białymstoku","78813","Muzeum_Podlaskie_w_Białymstoku__pageid-78813.txt",9154
"Muzeum Polskiej Piosenki w Opolu","2997097","Muzeum_Polskiej_Piosenki_w_Opolu__pageid-2997097.txt",6260
"Muzeum Polskiej Sztuki Ludowej","1763306","Muzeum_Polskiej_Sztuki_Ludowej__pageid-1763306.txt",2147
"Muzeum Południowego Podlasia w Białej Podlaskiej","1189794","Muzeum_Południowego_Podlasia_w_Białej_Podlaskiej__pageid-1189794.txt",6193
"Muzeum Pomorza Środkowego w Słupsku","105071","Muzeum_Pomorza_Środkowego_w_Słupsku__pageid-105071.txt",3293
"Muzeum Powstania Warszawskiego","287520","Muzeum_Powstania_Warszawskiego__pageid-287520.txt",34900
"Muzeum Przyrody  Etnografii i Sztuki w Srokowie","3500540","Muzeum_Przyrody__Etnografii_i_Sztuki_w_Srokowie__pageid-3500540.txt",1440
"Muzeum Radia w Koszalinie","3325336","Muzeum_Radia_w_Koszalinie__pageid-3325336.txt",483
"Muzeum Regionalne w Brzozowie","1926351","Muzeum_Regionalne_w_Brzozowie__pageid-1926351.txt",3750
"Muzeum Regionalne w Stalowej Woli","892005","Muzeum_Regionalne_w_Stalowej_Woli__pageid-892005.txt",1591
"Muzeum Regionalne w Wojciechowie","1417397","Muzeum_Regionalne_w_Wojciechowie__pageid-1417397.txt",756
"Muzeum Rolnictwa i Młynarstwa w Rydzynie","3151207","Muzeum_Rolnictwa_i_Młynarstwa_w_Rydzynie__pageid-3151207.txt",1095
"Muzeum Sanktuarium w Żabbar","4198735","Muzeum_Sanktuarium_w_Żabbar__pageid-4198735.txt",5234
"Muzeum São Sebastião","2706474","Muzeum_São_Sebastião__pageid-2706474.txt",661
"Muzeum Sił Powietrznych w Dęblinie","2625392","Muzeum_Sił_Powietrznych_w_Dęblinie__pageid-2625392.txt",4981
"Muzeum Śląska Opolskiego w Opolu","385612","Muzeum_Śląska_Opolskiego_w_Opolu__pageid-385612.txt",4129
"Muzeum Śląskie w Katowicach","249722","Muzeum_Śląskie_w_Katowicach__pageid-249722.txt",28193
"Muzeum Sportu i Turystyki w Warszawie","1418679","Muzeum_Sportu_i_Turystyki_w_Warszawie__pageid-1418679.txt",756
"Muzeum Stutthof w Sztutowie","2739972","Muzeum_Stutthof_w_Sztutowie__pageid-2739972.txt",2197
"Muzeum Stworzenia","2755884","Muzeum_Stworzenia__pageid-2755884.txt",1129
"Muzeum Szlachty Mazowieckiej w Ciechanowie","5331603","Muzeum_Szlachty_Mazowieckiej_w_Ciechanowie__pageid-5331603.txt",4593
"Muzeum Szopek w Třebechovicach pod Orebem","4736320","Muzeum_Szopek_w_Třebechovicach_pod_Orebem__pageid-4736320.txt",1812
"Muzeum Sztuki w Denver","5038903","Muzeum_Sztuki_w_Denver__pageid-5038903.txt",3522
"Muzeum Tatry","1056409","Muzeum_Tatry__pageid-1056409.txt",1585
"Muzeum Tatrzańskie im  dra Tytusa Chałubińskiego w Zakopanem","268741","Muzeum_Tatrzańskie_im__dra_Tytusa_Chałubińskiego_w_Zakopanem__pageid-268741.txt",6358
"Muzeum Techniki Militarnej w Tarnowskich Górach","5395890","Muzeum_Techniki_Militarnej_w_Tarnowskich_Górach__pageid-5395890.txt",969
"Muzeum Techniki w Brnie","5182485","Muzeum_Techniki_w_Brnie__pageid-5182485.txt",2602
"Muzeum w Koszalinie","2368154","Muzeum_w_Koszalinie__pageid-2368154.txt",7954
"Muzeum w Łomnej Dolnej","5162272","Muzeum_w_Łomnej_Dolnej__pageid-5162272.txt",2777
"Muzeum w Łowiczu","2003576","Muzeum_w_Łowiczu__pageid-2003576.txt",3914
"Muzeum Warmii i Mazur w Olsztynie","646177","Muzeum_Warmii_i_Mazur_w_Olsztynie__pageid-646177.txt",3017
"Muzeum Wignacourta w Rabacie","4367754","Muzeum_Wignacourta_w_Rabacie__pageid-4367754.txt",3507
"Muzeum Witrażu w Krakowie","677933","Muzeum_Witrażu_w_Krakowie__pageid-677933.txt",2265
"Muzeum Wojny Overloon","5454155","Muzeum_Wojny_Overloon__pageid-5454155.txt",1636
"Muzeum Wschodnioczeskie w Pardubicach","2875049","Muzeum_Wschodnioczeskie_w_Pardubicach__pageid-2875049.txt",1017
"Muzeum Wsi Kieleckiej w Kielcach","479775","Muzeum_Wsi_Kieleckiej_w_Kielcach__pageid-479775.txt",7245
"Muzeum Wsi Lubelskiej w Lublinie","160563","Muzeum_Wsi_Lubelskiej_w_Lublinie__pageid-160563.txt",3172
"Muzeum Wsi Opolskiej w Opolu","158300","Muzeum_Wsi_Opolskiej_w_Opolu__pageid-158300.txt",14376
"Muzeum Wsi Radomskiej w Radomiu","2033563","Muzeum_Wsi_Radomskiej_w_Radomiu__pageid-2033563.txt",4806
"Muzeum Zamek Opalińskich","2007394","Muzeum_Zamek_Opalińskich__pageid-2007394.txt",2823
"Muzeum Zamkowe w Sandomierzu","5312154","Muzeum_Zamkowe_w_Sandomierzu__pageid-5312154.txt",4055
"Muzeum Zamoyskich w Kozłówce","3003261","Muzeum_Zamoyskich_w_Kozłówce__pageid-3003261.txt",3936
"Muzeum Żandarmerii i Kina w Saint Tropez","3982104","Muzeum_Żandarmerii_i_Kina_w_Saint_Tropez__pageid-3982104.txt",2045
"Muzeum Ziemi Kłodzkiej w Kłodzku","645715","Muzeum_Ziemi_Kłodzkiej_w_Kłodzku__pageid-645715.txt",7926
"Muzeum Ziemi Kujawskiej i Dobrzyńskiej we Włocławku","2727060","Muzeum_Ziemi_Kujawskiej_i_Dobrzyńskiej_we_Włocławku__pageid-2727060.txt",5461
"Muzeum Ziemi Lubuskiej w Zielonej Górze","2281291","Muzeum_Ziemi_Lubuskiej_w_Zielonej_Górze__pageid-2281291.txt",8870
"Muzeum Ziemi Puckiej im  Floriana Ceynowy w Pucku","901140","Muzeum_Ziemi_Puckiej_im__Floriana_Ceynowy_w_Pucku__pageid-901140.txt",10331
"Muzeum Ziemi Tarnowskiej w Tarnowie","4482367","Muzeum_Ziemi_Tarnowskiej_w_Tarnowie__pageid-4482367.txt",3831
"Muzeum Ziemi Wieluńskiej w Wieluniu","668953","Muzeum_Ziemi_Wieluńskiej_w_Wieluniu__pageid-668953.txt",4363
"Muzeum Żup Krakowskich Wieliczka","440701","Muzeum_Żup_Krakowskich_Wieliczka__pageid-440701.txt",7208
"Mystic Seaport","1672041","Mystic_Seaport__pageid-1672041.txt",1740
"Narodowe Muzeum Historii Naturalnej  Malta ","5454770","Narodowe_Muzeum_Historii_Naturalnej__Malta___pageid-5454770.txt",1525
"Narodowe Muzeum Morskie w Tulon","5098090","Narodowe_Muzeum_Morskie_w_Tulon__pageid-5098090.txt",642
"Narodowe Muzeum Sztuk Pięknych w Valletcie","3974379","Narodowe_Muzeum_Sztuk_Pięknych_w_Valletcie__pageid-3974379.txt",5567
"Narodowe Muzeum Wojny w Valletcie","3974512","Narodowe_Muzeum_Wojny_w_Valletcie__pageid-3974512.txt",2061
"National Baseball Hall of Fame and Museum","2781593","National_Baseball_Hall_of_Fame_and_Museum__pageid-2781593.txt",960
"Nederlands Openluchtmuseum","2937816","Nederlands_Openluchtmuseum__pageid-2937816.txt",3314
"Newseum","4215282","Newseum__pageid-4215282.txt",2399
"Noc Muzeów","570398","Noc_Muzeów__pageid-570398.txt",2273
"Obszar Umocnień Czechosłowackich Hlučín Darkovičky","207789","Obszar_Umocnień_Czechosłowackich_Hlučín_Darkovičky__pageid-207789.txt",456
"Olympisch Stadion  Amsterdam ","961840","Olympisch_Stadion__Amsterdam___pageid-961840.txt",2316
"Pałac Górków w Poznaniu","41514","Pałac_Górków_w_Poznaniu__pageid-41514.txt",4969
"Pałac Inkwizytora","4037624","Pałac_Inkwizytora__pageid-4037624.txt",6912
"Pałac w Kozłówce","54666","Pałac_w_Kozłówce__pageid-54666.txt",4882
"Pałac wersalski","186028","Pałac_wersalski__pageid-186028.txt",21350
"Palazzo Falson","4071243","Palazzo_Falson__pageid-4071243.txt",27231
"Państwowe Muzeum Archeologiczne w Warszawie","1263123","Państwowe_Muzeum_Archeologiczne_w_Warszawie__pageid-1263123.txt",5163
"Państwowe Muzeum Auschwitz Birkenau w Oświęcimiu","518436","Państwowe_Muzeum_Auschwitz_Birkenau_w_Oświęcimiu__pageid-518436.txt",4921
"Państwowe Muzeum na Majdanku","4365055","Państwowe_Muzeum_na_Majdanku__pageid-4365055.txt",8675
"Państwowy Rejestr Muzeów","564327","Państwowy_Rejestr_Muzeów__pageid-564327.txt",6134
"Park Militarny Rembertów","3685180","Park_Militarny_Rembertów__pageid-3685180.txt",1462
"Polskie Muzeum Szkolne we Lwowie","5285021","Polskie_Muzeum_Szkolne_we_Lwowie__pageid-5285021.txt",2493
"Port Lockroy","3634631","Port_Lockroy__pageid-3634631.txt",2511
"Portmoneum","1990030","Portmoneum__pageid-1990030.txt",1336
"Professional Wrestling Hall of Fame and Museum","4508183","Professional_Wrestling_Hall_of_Fame_and_Museum__pageid-4508183.txt",3117
"Prywatne Muzeum Motoryzacji i Techniki w Otrębusach","619642","Prywatne_Muzeum_Motoryzacji_i_Techniki_w_Otrębusach__pageid-619642.txt",5246
"Rezydencja królewska w Fontainebleau","2734318","Rezydencja_królewska_w_Fontainebleau__pageid-2734318.txt",6650
"Ripley s Believe It or Not ","2137613","Ripley_s_Believe_It_or_Not___pageid-2137613.txt",2224
"Rock and Roll Hall of Fame","23214","Rock_and_Roll_Hall_of_Fame__pageid-23214.txt",25206
"Rogalowe Muzeum Poznania","3156282","Rogalowe_Muzeum_Poznania__pageid-3156282.txt",546
"Rotunda w Częstochowie","3139739","Rotunda_w_Częstochowie__pageid-3139739.txt",1678
"Skansen Broni Morskiej","908156","Skansen_Broni_Morskiej__pageid-908156.txt",1053
"Skansen górniczy w Stříbrze","5199925","Skansen_górniczy_w_Stříbrze__pageid-5199925.txt",2649
"Skansen Leśnej Kolei Wąskotorowej w Pionkach","3542982","Skansen_Leśnej_Kolei_Wąskotorowej_w_Pionkach__pageid-3542982.txt",2392
"Skarbiec bazyliki św  Serwacego w Maastricht","2202884","Skarbiec_bazyliki_św__Serwacego_w_Maastricht__pageid-2202884.txt",4491
"Škoda Muzeum","3273723","Škoda_Muzeum__pageid-3273723.txt",822
"Stacja Muzeum","3772286","Stacja_Muzeum__pageid-3772286.txt",2901
"Stara szkoła w Policach nad Metují","5580312","Stara_szkoła_w_Policach_nad_Metují__pageid-5580312.txt",776
"Synagoga w Gniewkowie","570337","Synagoga_w_Gniewkowie__pageid-570337.txt",1366
"The Sixth Floor Museum at Dealey Plaza","3308104","The_Sixth_Floor_Museum_at_Dealey_Plaza__pageid-3308104.txt",391
"Twierdza Bourtange","2944365","Twierdza_Bourtange__pageid-2944365.txt",490
"Valašské muzeum v přírodě","3452732","Valašské_muzeum_v_přírodě__pageid-3452732.txt",4398
"Wieża Wignacourt","2303003","Wieża_Wignacourt__pageid-2303003.txt",1437
"Wystawa interaktywna","1569789","Wystawa_interaktywna__pageid-1569789.txt",698
"Wystawa sprzętu lotniczego i wojskowego w Łodzi","1151966","Wystawa_sprzętu_lotniczego_i_wojskowego_w_Łodzi__pageid-1151966.txt",1469
"Zachodniopruskie Muzeum Prowincjonalne w Gdańsku","3364394","Zachodniopruskie_Muzeum_Prowincjonalne_w_Gdańsku__pageid-3364394.txt",2997
"Zamek Królewski na Wawelu   Państwowe Zbiory Sztuki","1261294","Zamek_Królewski_na_Wawelu___Państwowe_Zbiory_Sztuki__pageid-1261294.txt",4657
"Zamek Królewski w Warszawie","161541","Zamek_Królewski_w_Warszawie__pageid-161541.txt",37728
"Zamek w Malmaison","2488939","Zamek_w_Malmaison__pageid-2488939.txt",7107
"Zamek w Montsoreau   Muzeum Sztuki Współczesnej","4649589","Zamek_w_Montsoreau___Muzeum_Sztuki_Współczesnej__pageid-4649589.txt",10182
"Zamek w Montsoreau","4391101","Zamek_w_Montsoreau__pageid-4391101.txt",1315
"Zamek w Pszczynie","1768159","Zamek_w_Pszczynie__pageid-1768159.txt",33283
"Zbiory Sprzętu Ratownictwa Kolejowego w Poznaniu","2914248","Zbiory_Sprzętu_Ratownictwa_Kolejowego_w_Poznaniu__pageid-2914248.txt",850
"Zbrojownia Pałacowa w Valletcie","3975310","Zbrojownia_Pałacowa_w_Valletcie__pageid-3975310.txt",4122
"Żywe Muzeum Lawendy","5006833","Żywe_Muzeum_Lawendy__pageid-5006833.txt",1137
"Żywe Muzeum Obwarzanka w Krakowie","4589095","Żywe_Muzeum_Obwarzanka_w_Krakowie__pageid-4589095.txt",2573
"Żywe Muzeum Piernika w Toruniu","2035267","Żywe_Muzeum_Piernika_w_Toruniu__pageid-2035267.txt",1511
"Żywe Muzeum Porcelany w Ćmielowie","3166143","Żywe_Muzeum_Porcelany_w_Ćmielowie__pageid-3166143.txt",1819
