"post_uri","post_cid","post_author.handle","post_record.created_at","post_like_count","post_embed.images.fullsize...32"
"at://did:plc:v4dpm7icom54y366e76xy3mj/app.bsky.feed.post/3lcdv7ne3ok25","bafyreigrdgbsd5nczjfucehdvsgxh3rkumqbgeftbyd3stutdlbh5jbj24","nhmla.bsky.social","2024-12-02T19:45:42.070Z","15","https://cdn.bsky.app/img/feed_fullsize/plain/did:plc:v4dpm7icom54y366e76xy3mj/bafkreig5sdtspmd3bwnbyoyo5acshg5mru4d6hvni4hd7nrtjcrznciphy@jpeg"
"at://did:plc:v4dpm7icom54y366e76xy3mj/app.bsky.feed.post/3lbslnkpk2s2r","bafyreigfulbytrpd3lx7lasc42ezuw26juv7zwyxl7y2g633iz5wu2ox5q","nhmla.bsky.social","2024-11-25T22:39:12.401Z","25","https://cdn.bsky.app/img/feed_fullsize/plain/did:plc:v4dpm7icom54y366e76xy3mj/bafkreiefe6pt3qlq3phyasdxvy6zg5n7osq7gsbvodv3l736zkakqq4fba@jpeg"
"at://did:plc:v4dpm7icom54y366e76xy3mj/app.bsky.feed.post/3lbslnj26zs2r","bafyreib7cmgjnhewy26rlqgh4rlompx4u3put43hlrz6btm6ris4czk524","nhmla.bsky.social","2024-11-25T22:39:12.400Z","30","https://cdn.bsky.app/img/feed_fullsize/plain/did:plc:v4dpm7icom54y366e76xy3mj/bafkreih7kvfm2mbixbqcuy6y5yc52gfclyk2or7sv2kwbvntfstjcvhnze@jpeg"
"at://did:plc:v4dpm7icom54y366e76xy3mj/app.bsky.feed.post/3lbslnh6ro22r","bafyreidsull46cvh56hxfsea2x7erwo4df6xjcrckentncetdccw42s7gy","nhmla.bsky.social","2024-11-25T22:39:12.399Z","208","https://cdn.bsky.app/img/feed_fullsize/plain/did:plc:v4dpm7icom54y366e76xy3mj/bafkreibeejdzksjrlqmg6xhw5u74xd7nedqteifejta6y2u4v5phkjdk5e@jpeg"
"at://did:plc:v4dpm7icom54y366e76xy3mj/app.bsky.feed.post/3lbsf2jwndk2o","bafyreibe27dhvi4real44p3cs3bd4ykzikqbhdgpxur72la4fm23fv2oga","nhmla.bsky.social","2024-11-25T20:41:15.292Z","23","https://cdn.bsky.app/img/feed_fullsize/plain/did:plc:v4dpm7icom54y366e76xy3mj/bafkreigjq3vf6glsy3vixi4izl52vq7vp4xye3hb532bte5vld7jem3a34@jpeg"
"at://did:plc:v4dpm7icom54y366e76xy3mj/app.bsky.feed.post/3lbfmowdgxs2c","bafyreibjdnmfq6ju4ip7hvtgk2wm4qx45gblsyvt64tq2ohxnma2silfai","nhmla.bsky.social","2024-11-20T18:53:18.977Z","43","https://cdn.bsky.app/img/feed_fullsize/plain/did:plc:v4dpm7icom54y366e76xy3mj/bafkreigmmtsu3sm3phlhg2xznsh6nxy67ck5patzuhvosrntzst2th64qi@jpeg"
"at://did:plc:v4dpm7icom54y366e76xy3mj/app.bsky.feed.post/3lawuicb7ps2v","bafyreiam6sin2d7uwtgszx6mbnxqdihd5netaqcfpkzgwbpg6akdohbq34","nhmla.bsky.social","2024-11-14T22:02:50.463Z","87","https://cdn.bsky.app/img/feed_fullsize/plain/did:plc:v4dpm7icom54y366e76xy3mj/bafkreih56ryddpiqmfvyhsblxymnr2hcwtb2hli7xrg3nmqelpuklryewi@jpeg"
"at://did:plc:v4dpm7icom54y366e76xy3mj/app.bsky.feed.post/3lawi3oj4as2t","bafyreihmlsewgkek3h4d3hkzvczvwcooadcc4d2w45xrsu2dweeudeg2o4","nhmla.bsky.social","2024-11-14T18:21:02.196Z","107","https://cdn.bsky.app/img/feed_fullsize/plain/did:plc:v4dpm7icom54y366e76xy3mj/bafkreicfigjctlip76qbo2wg3uqznhe5tddbv2fjg5b76c7mennehxhqxy@jpeg"
"at://did:plc:v4dpm7icom54y366e76xy3mj/app.bsky.feed.post/3lawhsv3x7k2y","bafyreicab2ouevbsaqungqiqsctgvf2gq2ouwsxy5endesbdqh4tlsghfi","nhmla.bsky.social","2024-11-14T18:16:07.116Z","39","https://cdn.bsky.app/img/feed_fullsize/plain/did:plc:v4dpm7icom54y366e76xy3mj/bafkreicfigjctlip76qbo2wg3uqznhe5tddbv2fjg5b76c7mennehxhqxy@jpeg"
"at://did:plc:v4dpm7icom54y366e76xy3mj/app.bsky.feed.post/3laheq74uff2t","bafyreiggos6zabbawhedgdbrdwje3in2lahvlf3fpcsihx7p7jck2v6m4i","nhmla.bsky.social","2024-11-08T18:10:59.452Z","23","https://cdn.bsky.app/img/feed_fullsize/plain/did:plc:v4dpm7icom54y366e76xy3mj/bafkreidqvzbbxlgdiojpfk3nyivgrqwjapeth7bxzwnugxgbl6ta7mcj3u@jpeg"
"at://did:plc:v4dpm7icom54y366e76xy3mj/app.bsky.feed.post/3lafem6dv6s2g","bafyreid6ftxutxa52ag5clyp3dkdajz62vukjovieqmjrj5ach5fgkw2me","nhmla.bsky.social","2024-11-07T23:03:24.967Z","20","https://cdn.bsky.app/img/feed_fullsize/plain/did:plc:v4dpm7icom54y366e76xy3mj/bafkreidejwa45jexuljka3u7h4ekdywhjbnfazdpb3aavdbiwamu62jgou@jpeg"
"at://did:plc:v4dpm7icom54y366e76xy3mj/app.bsky.feed.post/3laclny2gje2l","bafyreih5afoggjtq7swcv5kwfshdgkqfwutp7oau7qqmwkxqwikxbgdjqq","nhmla.bsky.social","2024-11-06T20:31:42.543Z","7","https://cdn.bsky.app/img/feed_fullsize/plain/did:plc:v4dpm7icom54y366e76xy3mj/bafkreigqm7hmk7m5olg53erhx3iajel2g5uchgmzur4plz72d5tyvay26m@jpeg"
"at://did:plc:v4dpm7icom54y366e76xy3mj/app.bsky.feed.post/3laclnaccfe2t","bafyreic26p2xfnsdpfg7wgtuke75emigpqp57dek2aulger3gb6icwadqy","nhmla.bsky.social","2024-11-06T20:31:17.543Z","21","https://cdn.bsky.app/img/feed_fullsize/plain/did:plc:v4dpm7icom54y366e76xy3mj/bafkreiaovn3pcmsermmz2qte7xjv22m5vmctvuowcxd3fqgjotbjgiolvy@jpeg"
"at://did:plc:v4dpm7icom54y366e76xy3mj/app.bsky.feed.post/3la5nkvq2xd2v","bafyreie7gpjygwmar6cu5a2lis7e7vbafqnmu7ye3tbqazckv6qtusvzbm","nhmla.bsky.social","2024-11-04T21:22:28.031Z","23","https://cdn.bsky.app/img/feed_fullsize/plain/did:plc:v4dpm7icom54y366e76xy3mj/bafkreibnglpwdxyk2chy5e236syzakob2f335xu3xtr3dwrbwi5gznu6ja@jpeg"
"at://did:plc:v4dpm7icom54y366e76xy3mj/app.bsky.feed.post/3l7vy3pzhkr2k","bafyreibhg76uwvmfmftct652hepofss3oqps6ehvnmsdhprs4mmwwvzjlu","nhmla.bsky.social","2024-11-01T20:09:32.219Z","11","https://cdn.bsky.app/img/feed_fullsize/plain/did:plc:v4dpm7icom54y366e76xy3mj/bafkreialvumkcrqw76jxgmzmcf4ci24huwcny6am7wxsjp4ayp4orcaqge@jpeg"
"at://did:plc:v4dpm7icom54y366e76xy3mj/app.bsky.feed.post/3l7oz45kdhj2b","bafyreidbnwbgx7tttc7umwpoaaqohamrvzrffpm2dqbyyur2b5kpwhghl4","nhmla.bsky.social","2024-10-30T01:39:01.853Z","9","https://cdn.bsky.app/img/feed_fullsize/plain/did:plc:v4dpm7icom54y366e76xy3mj/bafkreihemfhjuhppithhkk3braqbp4vgrfyh2tgbyifcocsy2f7qs3rtp4@jpeg"
"at://did:plc:yvo2relyp4xledk3gjctl5gi/app.bsky.feed.post/3l74x53frm52i","bafyreias5gvahcx63vppt5wg4sxueofl6mkwqf6g2xpvgmsb7hnotqnulu","tarpits.bsky.social","2024-10-22T21:15:49.774Z","51","https://cdn.bsky.app/img/feed_fullsize/plain/did:plc:yvo2relyp4xledk3gjctl5gi/bafkreig7pbf7gquxeiwicsz4iaxw7qyyotcewbc6ush5oyjqyyym55wjy4@jpeg"
"at://did:plc:v4dpm7icom54y366e76xy3mj/app.bsky.feed.post/3l6luy2xkzz2i","bafyreibjm2gbng5jfvo4lxyaq5gquypelj6jmmmsrtkqmrgkofptfntizi","nhmla.bsky.social","2024-10-16T02:21:59.117Z","6","https://cdn.bsky.app/img/feed_fullsize/plain/did:plc:v4dpm7icom54y366e76xy3mj/bafkreiedwmeg6ve6btzmu5njnhk3k2y2ol2535vm6erp5k3xylk72uvkpu@jpeg"
"at://did:plc:v4dpm7icom54y366e76xy3mj/app.bsky.feed.post/3l6lczqo6cm2d","bafyreia3xhylhx7w54qxdwnrvonzxlauwvx6bnu55y6nzxk6apkwx2epvi","nhmla.bsky.social","2024-10-15T21:00:48.076Z","22","https://cdn.bsky.app/img/feed_fullsize/plain/did:plc:v4dpm7icom54y366e76xy3mj/bafkreihqps5pfyy6vyq373ohpo4z6zhgxjwgueo4o4wyjpluv5nmkiqhru@jpeg"
"at://did:plc:v4dpm7icom54y366e76xy3mj/app.bsky.feed.post/3l5hz6ddrhj26","bafyreidxcxb4o2g72fxukyaytlecvqpilmtodtp3nf64estrx5hrdg5bmy","nhmla.bsky.social","2024-10-01T20:01:13.642Z","4","https://cdn.bsky.app/img/feed_fullsize/plain/did:plc:v4dpm7icom54y366e76xy3mj/bafkreig3phmqpbg47ztiayfu2ighbacn5veobwn7gfxzq2uc6jdiraotni@jpeg"
"at://did:plc:v4dpm7icom54y366e76xy3mj/app.bsky.feed.post/3l5fmygudxj2a","bafyreichowrpmvdh6wkqvmd3off2n3fexhtrstyu5pyguktzfg5dn6wsfq","nhmla.bsky.social","2024-09-30T21:17:51.620Z","6","https://cdn.bsky.app/img/feed_fullsize/plain/did:plc:v4dpm7icom54y366e76xy3mj/bafkreia4c5sic6ab3nmgaw2x2ikcjwbwji4xhopfxq7pfj4ff3e6r2v2zm@jpeg"
"at://did:plc:v4dpm7icom54y366e76xy3mj/app.bsky.feed.post/3l566ldj3bk22","bafyreif72hmllzucr6hdmsuzedq3pnv3egvjgiy6pkphbnd7hpmvsp65da","nhmla.bsky.social","2024-09-27T22:11:21.381Z","2","https://cdn.bsky.app/img/feed_fullsize/plain/did:plc:v4dpm7icom54y366e76xy3mj/bafkreiheadtyqwlyyxwpqzjdpfwco5veu6vw3kxsleaei2ahxe4d3xevii@jpeg"
"at://did:plc:v4dpm7icom54y366e76xy3mj/app.bsky.feed.post/3l4uaa6gjlr2x","bafyreidjazr43czmcluranmkrl4n3tihg5zp747bxvts437263v6qx3a4a","nhmla.bsky.social","2024-09-23T23:14:17.000Z","4","https://cdn.bsky.app/img/feed_fullsize/plain/did:plc:v4dpm7icom54y366e76xy3mj/bafkreictwbyrkvtgftpviozfzqngdsio5kullpasi52jylgm4ddeun2vou@jpeg"
"at://did:plc:v4dpm7icom54y366e76xy3mj/app.bsky.feed.post/3l4mpecwzms2e","bafyreiee3vatx6xpnnpdwpwfjsknftqilnswlnniqvhfbus5mxxnq375da","nhmla.bsky.social","2024-09-20T23:23:44.185Z","8","https://cdn.bsky.app/img/feed_fullsize/plain/did:plc:v4dpm7icom54y366e76xy3mj/bafkreihzak6hhep5fmzz3sdjnxoovr4rnf7fr2am2a5thfbljvhc4blb4u@jpeg"
"at://did:plc:v4dpm7icom54y366e76xy3mj/app.bsky.feed.post/3l4h4rlbert2o","bafyreidueb3j6eql3qgrrelodcu75527aialoz2ljrb2th6u7kf7ejc4ei","nhmla.bsky.social","2024-09-18T18:07:49.361Z","5","https://cdn.bsky.app/img/feed_fullsize/plain/did:plc:v4dpm7icom54y366e76xy3mj/bafkreibbdaxbww4pmwlr76msgb4nwcm733ixyqhizfsknyl3oatsxsaq2i@jpeg"
"at://did:plc:v4dpm7icom54y366e76xy3mj/app.bsky.feed.post/3l4f4jvin2225","bafyreiakpjmzc3swxxhh454tl67x6agcwbk4bpbnhvw4bux5k6zqvrggpm","nhmla.bsky.social","2024-09-17T22:58:07.684Z","9","https://cdn.bsky.app/img/feed_fullsize/plain/did:plc:v4dpm7icom54y366e76xy3mj/bafkreibcul46utsuwbeqk6qhhdp43atozuefj2srvddqj7qflwhzingq3i@jpeg"
"at://did:plc:v4dpm7icom54y366e76xy3mj/app.bsky.feed.post/3l4cperxxr52o","bafyreib6u6w26kmjh7ioqzdcbfw7qseyc45rymo24u6ert2fkxhy5ng5ia","nhmla.bsky.social","2024-09-16T23:57:22.548Z","2","https://cdn.bsky.app/img/feed_fullsize/plain/did:plc:v4dpm7icom54y366e76xy3mj/bafkreiefa5geotchyxoghd3o7nezpjncxkeqv6d7pybbbr6recppx6pcfu@jpeg"
"at://did:plc:v4dpm7icom54y366e76xy3mj/app.bsky.feed.post/3l42otsvenn2d","bafyreigfpqsc45z4hakbnnj5bucj5ucmv63e7e67zbbfrl57m7k7ky7oom","nhmla.bsky.social","2024-09-13T19:26:35.229Z","8","https://cdn.bsky.app/img/feed_fullsize/plain/did:plc:v4dpm7icom54y366e76xy3mj/bafkreigtpodvuc6w4eigoqm5ubmrb53le5b75w2uf6iwml3eqx6o6zsk34@jpeg"
"at://did:plc:v4dpm7icom54y366e76xy3mj/app.bsky.feed.post/3l3y4xiymln27","bafyreigsmlxqpptsy5wshlmsogaeymlqiqgfvuqi72qf4mulsf42reodrm","nhmla.bsky.social","2024-09-12T19:01:12.232Z","6","https://cdn.bsky.app/img/feed_fullsize/plain/did:plc:v4dpm7icom54y366e76xy3mj/bafkreibcul46utsuwbeqk6qhhdp43atozuefj2srvddqj7qflwhzingq3i@jpeg"
"at://did:plc:v4dpm7icom54y366e76xy3mj/app.bsky.feed.post/3l3syhc6ydp23","bafyreigafe3pumgunpptdzaxzhdosewlwwp7hj2mbui7af7wvdcjq4hv5e","nhmla.bsky.social","2024-09-10T17:57:14.535Z","7","https://cdn.bsky.app/img/feed_fullsize/plain/did:plc:v4dpm7icom54y366e76xy3mj/bafkreieqlm5k3rm4cz6uyjuwv6vmy24wkkgjl2mciil54laxjacefarmv4@jpeg"
"at://did:plc:v4dpm7icom54y366e76xy3mj/app.bsky.feed.post/3l3qri65jgc2r","bafyreibkfp5c4ztkfv3rmjfdqw5vaa37irmsjmbcjr5vsa3yoimfgvskfa","nhmla.bsky.social","2024-09-09T20:47:08.211Z","10","https://cdn.bsky.app/img/feed_fullsize/plain/did:plc:v4dpm7icom54y366e76xy3mj/bafkreia4krccfo5amwzagpf6b33mwosr4nnrbj24heanvsjjcgbfyohcae@jpeg"
"at://did:plc:v4dpm7icom54y366e76xy3mj/app.bsky.feed.post/3l3h5lbizhd23","bafyreifj7iaai62slwzolqqtzomaico4dzz3jtivvajtpobxlxwocru3ly","nhmla.bsky.social","2024-09-06T00:56:59.856Z","3","https://cdn.bsky.app/img/feed_fullsize/plain/did:plc:v4dpm7icom54y366e76xy3mj/bafkreihhsnktkbyuxuujyb5f7jyf6crooiyhzdsddr2rmxfixtixf4er24@jpeg"
"at://did:plc:v4dpm7icom54y366e76xy3mj/app.bsky.feed.post/3l3gltkk6oa2j","bafyreiawd7sckn3qxgsmahhyybior4xnk3rp7acoreyk6jqu7sammavpae","nhmla.bsky.social","2024-09-05T19:39:30.464Z","7","https://cdn.bsky.app/img/feed_fullsize/plain/did:plc:v4dpm7icom54y366e76xy3mj/bafkreiecox54is54mcnlpakmtapcv3kcqdxcx5zxuppnkzhe7cfvlkwruq@jpeg"
"at://did:plc:v4dpm7icom54y366e76xy3mj/app.bsky.feed.post/3l3ehfxc3st2t","bafyreigehpdiu6b6gwdu6acr374ugcedcvihg6m2gtkmym4kpeclwrznxa","nhmla.bsky.social","2024-09-04T23:14:59.614Z","6","https://cdn.bsky.app/img/feed_fullsize/plain/did:plc:v4dpm7icom54y366e76xy3mj/bafkreihv77d4oyagqome32h2zt3pky237lilcswezudgnvmlqt65heymbi@jpeg"
"at://did:plc:v4dpm7icom54y366e76xy3mj/app.bsky.feed.post/3l2pqxdlutl22","bafyreid7aqpf7bp7q3gokptlqzfmtakqgskafe4erm6nn55uzqu4mntb44","nhmla.bsky.social","2024-08-27T17:39:52.133Z","2","https://cdn.bsky.app/img/feed_fullsize/plain/did:plc:v4dpm7icom54y366e76xy3mj/bafkreiepzomwvys2cwcrjf5igs5oflkm4ryfr25lpuovotia2rrt3io55a@jpeg"
"at://did:plc:v4dpm7icom54y366e76xy3mj/app.bsky.feed.post/3l2nipjzjbw2j","bafyreibnbaj6qoi3wwiho5itcklhxtlaxkzqebacsib2m7ty5takxwbu6q","nhmla.bsky.social","2024-08-26T20:07:01.015Z","12","https://cdn.bsky.app/img/feed_fullsize/plain/did:plc:v4dpm7icom54y366e76xy3mj/bafkreidb36rlohfegue2ibi33iz6dp4kvx4yav4v3t6y23puvmbgn6ljly@jpeg"
"at://did:plc:v4dpm7icom54y366e76xy3mj/app.bsky.feed.post/3l2g3u7kpmf25","bafyreiajbvlbzlm52ridahn2vxlowutxjyayhkjsfomlltkuww5fpbylve","nhmla.bsky.social","2024-08-23T21:28:20.955Z","10","https://cdn.bsky.app/img/feed_fullsize/plain/did:plc:v4dpm7icom54y366e76xy3mj/bafkreicfieyjxwf77hu7df7vgnh3esvfxmfdcaeekgaona7q2rqckzvitu@jpeg"
"at://did:plc:v4dpm7icom54y366e76xy3mj/app.bsky.feed.post/3l26fwffpfp2j","bafyreieaebkyvgosekhig352u56m2hn6xol2kvj5u27ofsiti2osgeg52y","nhmla.bsky.social","2024-08-20T20:07:13.748Z","12","https://cdn.bsky.app/img/feed_fullsize/plain/did:plc:v4dpm7icom54y366e76xy3mj/bafkreihc5csfljeqr4oghhcwcrfdownsntnl4v7lgpjyrbipvkqtyvsslu@jpeg"
"at://did:plc:v4dpm7icom54y366e76xy3mj/app.bsky.feed.post/3l244nts54423","bafyreidbvs56vyw2vaxbz54bi742w6ohhyxjau5fcmmbzhkpf3ibgbcram","nhmla.bsky.social","2024-08-19T22:16:03.687Z","3","https://cdn.bsky.app/img/feed_fullsize/plain/did:plc:v4dpm7icom54y366e76xy3mj/bafkreiaa5fozkxrfgqfkaycbgubgp2hzeayr2cvhzclwsaklgaegcvopmy@jpeg"
"at://did:plc:v4dpm7icom54y366e76xy3mj/app.bsky.feed.post/3kzkis6nef22k","bafyreiftxjtpkpzyvnueifqtyu5slni36dm53wn4yzqryidslmcnsjn3ei","nhmla.bsky.social","2024-08-12T22:05:18.880Z","6","https://cdn.bsky.app/img/feed_fullsize/plain/did:plc:v4dpm7icom54y366e76xy3mj/bafkreicezuzoziqpopgjprjb5gcqiasdhhntx7wpjg6sgzbcvxs5monydi@jpeg"
"at://did:plc:v4dpm7icom54y366e76xy3mj/app.bsky.feed.post/3kyr3ma7ec32f","bafyreib75oymkxkrwgszfxelbh6xdiyvuc7vv6xgsbenk6dlhh2f3szbna","nhmla.bsky.social","2024-08-02T19:32:47.108Z","9","https://cdn.bsky.app/img/feed_fullsize/plain/did:plc:v4dpm7icom54y366e76xy3mj/bafkreib37hnzs6qjqox2jlqd5parp6eds5gddplwwb227lhjnzevgc3rze@jpeg"
"at://did:plc:v4dpm7icom54y366e76xy3mj/app.bsky.feed.post/3kyonvxmq4a26","bafyreienmfy2dcvokc4q5n3cbxrnepg7e3kmr2oftqpvfqrtdifff6yuxa","nhmla.bsky.social","2024-08-01T20:22:21.765Z","2","https://cdn.bsky.app/img/feed_fullsize/plain/did:plc:v4dpm7icom54y366e76xy3mj/bafkreibosxhuro2jzhohspq5ueagdjwazwpuaxhvlerytkjd5odxkakfp4@jpeg"
"at://did:plc:v4dpm7icom54y366e76xy3mj/app.bsky.feed.post/3kxsu2q5j542f","bafyreifkp4mjywntf7elotpxeudju3scsdvmzn2odf534awfneyrjtarui","nhmla.bsky.social","2024-07-21T18:57:51.514Z","3","https://cdn.bsky.app/img/feed_fullsize/plain/did:plc:v4dpm7icom54y366e76xy3mj/bafkreibz3khmyhzybh6gs5djzfq256txl24qltyesseexb2be5hdvzs4si@jpeg"
"at://did:plc:v4dpm7icom54y366e76xy3mj/app.bsky.feed.post/3kwzm2gvuh72c","bafyreiavzejjbmz2cymto2phf7fne4uw7kh6okxlwmgshq3ezb3suehl4a","nhmla.bsky.social","2024-07-11T17:57:58.431Z","2","https://cdn.bsky.app/img/feed_fullsize/plain/did:plc:v4dpm7icom54y366e76xy3mj/bafkreicma7iue3sce2jpnqf3zkkfxiu5nkxiuesz5neib4lt3uv2aua4zy@jpeg"
"at://did:plc:v4dpm7icom54y366e76xy3mj/app.bsky.feed.post/3kws7m5qwjr2b","bafyreia2bzeeph7rmk4scxhitafojz3madirg3bett2ct6duuvcvyp537i","nhmla.bsky.social","2024-07-08T19:26:36.011Z","5","https://cdn.bsky.app/img/feed_fullsize/plain/did:plc:v4dpm7icom54y366e76xy3mj/bafkreie4yhiuei74fjq6bbvbttmhuos6boh4w7t6nizdbq35igwxe34nam@jpeg"
"at://did:plc:v4dpm7icom54y366e76xy3mj/app.bsky.feed.post/3kwalh5zlfx26","bafyreibfhtvbuexzr5mlsl52l47cn5hoemnx2dqldrxomaqc3cajrgaosi","nhmla.bsky.social","2024-07-01T19:10:37.100Z","4","https://cdn.bsky.app/img/feed_fullsize/plain/did:plc:v4dpm7icom54y366e76xy3mj/bafkreietcel6r446rzrkmnczlm2nismu5rbq4g5r3d456c3ufh4ok7azuq@jpeg"
"at://did:plc:v4dpm7icom54y366e76xy3mj/app.bsky.feed.post/3kvystlm37p2w","bafyreievjqsswb5umw4c7zlf4qpwzy2z2vzfpi6vzrgytmwn6n5hiegrae","nhmla.bsky.social","2024-06-28T17:01:33.299Z","7","https://cdn.bsky.app/img/feed_fullsize/plain/did:plc:v4dpm7icom54y366e76xy3mj/bafkreid6x6jowhb5n5heud7akjj26ew6tedgnz3gvc2vjfs4ywuqxha7pi@jpeg"
"at://did:plc:v4dpm7icom54y366e76xy3mj/app.bsky.feed.post/3kvtvs2lnu62q","bafyreidnbvhxujpm4mokrmt62taanvkll3musmjbidosjfxzdwqpu6t6h4","nhmla.bsky.social","2024-06-26T18:11:04.436Z","6","https://cdn.bsky.app/img/feed_fullsize/plain/did:plc:v4dpm7icom54y366e76xy3mj/bafkreibpnnifx7i76u7lh2hj7kfi3r3knpfv2aa5vvu55xqbrvz4zj4wxa@jpeg"
"at://did:plc:v4dpm7icom54y366e76xy3mj/app.bsky.feed.post/3kvcc67gpfg2x","bafyreicoizwsdcjpllbu2efst35k7hx5tpbaa3eoitltiuwz4p4rfehnri","nhmla.bsky.social","2024-06-19T18:04:41.758Z","5","https://cdn.bsky.app/img/feed_fullsize/plain/did:plc:v4dpm7icom54y366e76xy3mj/bafkreiewx2juqzamfix7cdn6w3upttd5fzsxojadv5jdewcbtc762nqij4@jpeg"
"at://did:plc:v4dpm7icom54y366e76xy3mj/app.bsky.feed.post/3kulyspmgjk2h","bafyreibobf5ogxkcjm2spljhwpnyycgukubzxpqobnzlcqahzlpqttboza","nhmla.bsky.social","2024-06-10T21:18:38.174Z","2","https://cdn.bsky.app/img/feed_fullsize/plain/did:plc:v4dpm7icom54y366e76xy3mj/bafkreiaxcvx2ypdv4bc62ptpc734hccz23ka2bmft4v6jmt6vyejo2d2jm@jpeg"
"at://did:plc:yvo2relyp4xledk3gjctl5gi/app.bsky.feed.post/3ktzvyinwqk2n","bafyreibpoku4a3guvocytefwf2buybczeyj342fkmuhcphmxefffqntk2u","tarpits.bsky.social","2024-06-03T16:40:15.546Z","4","https://cdn.bsky.app/img/feed_fullsize/plain/did:plc:yvo2relyp4xledk3gjctl5gi/bafkreidnooowoe6bqfvj4ombf3psgtibcewppuzkuxvseqig5ow7k3olri@jpeg"
"at://did:plc:v4dpm7icom54y366e76xy3mj/app.bsky.feed.post/3ktsvviji222b","bafyreics4pvzdtnqnz6gunouy5nl2zwcm77kv4ar42ywb44525tkeztddu","nhmla.bsky.social","2024-05-31T21:49:56.734Z","3","https://cdn.bsky.app/img/feed_fullsize/plain/did:plc:v4dpm7icom54y366e76xy3mj/bafkreiaz2xiwyaup4vvqbtbnlfj6vgyq3lnyxu7u7psddzyhpaofdb64di@jpeg"
"at://did:plc:v4dpm7icom54y366e76xy3mj/app.bsky.feed.post/3ktqfyjdiok2n","bafyreifes4ryiz2psx2ejcs4hzyb6jswzstscrmtqqhogqn7rjsvi35mqu","nhmla.bsky.social","2024-05-30T21:59:58.883Z","4","https://cdn.bsky.app/img/feed_fullsize/plain/did:plc:v4dpm7icom54y366e76xy3mj/bafkreiahjijcybheouth3a26sg75rkp4nr5usyf7pn7btoviyyd2dgtsgm@jpeg"
"at://did:plc:v4dpm7icom54y366e76xy3mj/app.bsky.feed.post/3ktlfnksl4z2k","bafyreieolpnhbvtlbuo636vh6jybd7higctwhx2gyektuzu3op6yqaor3y","nhmla.bsky.social","2024-05-28T22:10:32.643Z","9","https://cdn.bsky.app/img/feed_fullsize/plain/did:plc:v4dpm7icom54y366e76xy3mj/bafkreig33ajtrbsuaovd2j6f333gocpmjuxkahcsh5vqm4c52ituoejyq4@jpeg"
"at://did:plc:v4dpm7icom54y366e76xy3mj/app.bsky.feed.post/3ktbbebwnzk2y","bafyreifojpdf3vl6ro7lp5tjanfsszxbofbcmjjcwgrtvs7gvquww23wby","nhmla.bsky.social","2024-05-24T21:27:09.008Z","2","https://cdn.bsky.app/img/feed_fullsize/plain/did:plc:v4dpm7icom54y366e76xy3mj/bafkreiglmnaehwlxfxovozgnjtiag6dj3avb4ypzwtxjqzpotzft5h3obq@jpeg"
"at://did:plc:v4dpm7icom54y366e76xy3mj/app.bsky.feed.post/3kszjazn2ot24","bafyreibojhgcom3mnvc45r65b2bpqoppmopxginw2fnxgliymprxpm7w4q","nhmla.bsky.social","2024-05-21T19:27:11.595Z","2","https://cdn.bsky.app/img/feed_fullsize/plain/did:plc:v4dpm7icom54y366e76xy3mj/bafkreih3ctmqinjtgohtadn5i27pbxybh6wxf6hemorkmzirvljw6r7qnu@jpeg"
"at://did:plc:v4dpm7icom54y366e76xy3mj/app.bsky.feed.post/3kszja5mxui2g","bafyreifg5zssz4mmgl6y3lctjbl5ytcvqjl6bt3zvfgzooi772uggwtzoi","nhmla.bsky.social","2024-05-21T19:26:42.232Z","8","https://cdn.bsky.app/img/feed_fullsize/plain/did:plc:v4dpm7icom54y366e76xy3mj/bafkreiew2bnebdmyaactuyqsrriexajvnizyye5f567wqqzkubqzxtqlom@jpeg"
"at://did:plc:v4dpm7icom54y366e76xy3mj/app.bsky.feed.post/3kszj6t4shr2z","bafyreiddq4orqrmbyf3adotiv6j37czw32m7rvx66ktghea4fcmdtchsgq","nhmla.bsky.social","2024-05-21T19:25:57.664Z","3","https://cdn.bsky.app/img/feed_fullsize/plain/did:plc:v4dpm7icom54y366e76xy3mj/bafkreieskvjjseyzahsq5qodeyemca63t63bvhqesmmsvvepkd5pef6xwe@jpeg"
"at://did:plc:v4dpm7icom54y366e76xy3mj/app.bsky.feed.post/3kszj65jgi32x","bafyreibh5nbrqytskro3izteg2lbuq6yxpdbqzwvi3lg3vd3l6jt6xni4y","nhmla.bsky.social","2024-05-21T19:25:35.013Z","2","https://cdn.bsky.app/img/feed_fullsize/plain/did:plc:v4dpm7icom54y366e76xy3mj/bafkreieokvpikwx3ccapzbkxvg6bbfm7ylhknmgufh75whhfe2mv2t2h7i@jpeg"
"at://did:plc:v4dpm7icom54y366e76xy3mj/app.bsky.feed.post/3krhagnzhbr2q","bafyreiflndnwavwrt3lr6akuy7nbtzzrr2lvgzhblgra6zpl56b26m7yhy","nhmla.bsky.social","2024-05-01T19:36:10.170Z","7","https://cdn.bsky.app/img/feed_fullsize/plain/did:plc:v4dpm7icom54y366e76xy3mj/bafkreihbkduqyxgzauvu7gjlx2n3axnwm2uqnemes7tjz2zl2s5qlrk5pa@jpeg"
"at://did:plc:v4dpm7icom54y366e76xy3mj/app.bsky.feed.post/3kskl52nbkh24","bafyreidfcol45ehpdi5wxlk2eumj5n3fz7lleqieeesz7lxtf4uzbmity4","nhmla.bsky.social","2024-05-15T20:50:49.884Z","7","https://cdn.bsky.app/img/feed_fullsize/plain/did:plc:v4dpm7icom54y366e76xy3mj/bafkreigxzmd2iduottpuwwkth5hcztss27uha2ulrly5lotac52huxp62a@jpeg"
"at://did:plc:v4dpm7icom54y366e76xy3mj/app.bsky.feed.post/3ksfib4maqn2s","bafyreidkhiarisxvwtkcz6kannqdgxwv4sy424uq2tyvnive7v4ax2rdce","nhmla.bsky.social","2024-05-13T20:16:06.238Z","8","https://cdn.bsky.app/img/feed_fullsize/plain/did:plc:v4dpm7icom54y366e76xy3mj/bafkreifwgd2x2qvoyoxmzw4jcppl2xocr3gxkjo5h5bt3o6h34yaw3g4rq@jpeg"
"at://did:plc:v4dpm7icom54y366e76xy3mj/app.bsky.feed.post/3ksfgceh6bl2u","bafyreib6nkeex6topnl4g4nzwk6ap2hbdgxslrwjm5thkx4ixh66ymu6au","nhmla.bsky.social","2024-05-13T19:41:00.571Z","3","https://cdn.bsky.app/img/feed_fullsize/plain/did:plc:v4dpm7icom54y366e76xy3mj/bafkreiaf2srygibsxsaihmsiojsm3ul526tqyzipqxup4nf22e4l2cqj7e@jpeg"
