"page_title","images_count"
"Muzeum Historyczne Inspektoratu Zamojskiego Armii Krajowej w Bondyrzu",10
"Podziemia Będzińskie",9
"Muzeum Historyczne w Białymstoku",23
"Muzeum Pamięci Sybiru",16
"Muzeum Ceramiki w Bolesławcu",14
"Muzeum i Gród Średniowieczny w Brzeźniku",7
"Centrum Dialogu „Przełomy”",8
"Zagroda Bafiów w Chochołowie",8
"Muzeum Protestantyzmu w Cieszynie",8
"Muzeum Historyczne – Pałac w Dukli",29
"Exploseum w Bydgoszczy",21
"Muzeum Kryminalistyki w Gdańsku",9
"Muzeum Początków Państwa Polskiego w Gnieźnie",9
"Muzeum Polskich Organów Elektronicznych",9
"Muzeum Czynu Powstańczego w Górze Świętej Anny",9
"Gród Pobiedziska",9
"Muzeum im. ks. dr. Władysława Łęgi w Grudziądzu",9
"Muzeum „I Remember” w Krakowie",9
"Podziemne trasy turystyczne w Jarosławiu",5
"Muzeum Śląskie w Katowicach",36
"Muzeum-Areszt IPN w Katowicach",9
"Muzeum Historii Kielc",7
"Ośrodek Myśli Patriotycznej i Obywatelskiej w Kielcach",7
"Galeria Muzealna im. Michała Klahra Starszego",20
"Muzeum Historyczne Miasta Krakowa",10
"Muzeum Politechniki Krakowskiej",7
"Muzeum PRL-u",9
"Muzeum Regionalne w Krasnymstawie",8
"Muzeum Pacowa Chata w Krypnie Wielkim",7
"Muzeum Prowincji Ojców Bernardynów w Leżajsku",8
"Muzeum im. ks. Józefa Jarzębowskiego w Licheniu Starym",8
"Muzeum Historyczne w Lubinie",10
"Muzeum Historii Miasta Lublina",12
"Piwnica pod Fortuną",12
"Muzeum Fabryki w Łodzi",8
"Muzeum Tradycji Niepodległościowych w Łodzi",13
"Muzeum Dawnego Kupiectwa w Świdnicy",8
"Muzeum Dzieci Polskich – ofiar totalitaryzmu w Łodzi",8
"Muzeum Emigracji w Gdyni",10
"Muzeum Gdańska",8
"Muzeum Historii Medycyny Warszawskiego Uniwersytetu Medycznego",4
"Muzeum Historyczne w Bielsku-Białej – Zamek książąt Sułkowskich",21
"Muzeum II Wojny Światowej w Gdańsku",13
"Muzeum Obozów Jenieckich w Żaganiu",8
"Muzeum Pamięć i Tożsamość im. św. Jana Pawła II w Toruniu",10
"Muzeum Poczty Polskiej w Gdańsku",12
"Muzeum Polskiej Wódki",10
"Muzeum Reformacji Polskiej w Mikołajkach",8
"Muzeum Starożytności w Krakowie",1
"Muzeum Techniki Wojskowej Gryf",10
"Muzeum Wału Pomorskiego",8
"Muzeum Westerplatte i Wojny 1939",6
"Podziemia Opatowskie",17
"Grodzisko Owidz",12
"Muzeum Historii Polskiego Ruchu Ludowego w Piasecznie",9
"Muzeum w Polichnie",7
"Makieta Dawnego Poznania",7
"Muzeum Policji w Poznaniu",10
"Muzeum Powstania Poznańskiego – Czerwiec 1956",12
"Muzeum Dzwonów i Fajek",9
"Podziemna Trasa Turystyczna w Przemyślu",7
"Muzeum Militarnych Dziejów Śląska w Pszczynie",9
"Centrum Dokumentacji Deportacji Górnoślązaków w Radzionkowie",10
"Muzeum PRL-u w Rudzie Śląskiej",8
"Podziemna Trasa Turystyczna w Rzeszowie",11
"Muzeum Historii Polskiego Ruchu Ludowego w Sandomierzu",8
"Muzeum Diecezjalne w Sandomierzu",16
"Podziemna Trasa Turystyczna w Sandomierzu",27
"Strefa Historyczna Wolnego Miasta Gdańska",10
"Muzeum Archeologiczno-Etnograficzne w Surażu",8
"Podziemne trasy turystyczne w Szczecinie",9
"Muzeum Powstań Śląskich w Świętochłowicach",7
"Muzeum Misyjne na Świętym Krzyżu",10
"Muzeum Historyczne Miasta Tarnobrzega",7
"Muzeum Polskiego Przemysłu Siarkowego",10
"Muzea redemptorystów w Tuchowie",9
"Muzeum Kresów Wschodnich w Węglińcu",8
"Willa „Aida”",11
"Muzeum Historyczne we Wrocławiu",11
"Muzeum Warszawskiej Prowincji Kapucynów w Zakroczymiu",9
