object_id,object_uri,title,description,image_uri
654e41a145a17789239097,https://muzeumcyfrowe.mnwr.pl/obiekt/swiety-piotr-meczennik,Święty Piotr Męczennik,"Spinello di Luca, zwany Spinello Aretino, 1385-1390",https://muzeumcyfrowe.mnwr.pl/uploads/thumbs/654e41a145a17789239097.jpg
654e41a27e41a826556571,https://muzeumcyfrowe.mnwr.pl/obiekt/swieta-katarzyna,Święta Katarzyna,"Spinello di Luca, zwany Spinello Aretino, 1385-1390",https://muzeumcyfrowe.mnwr.pl/uploads/thumbs/654e41a27e41a826556571.jpg
654e419ddcf89543508045,https://muzeumcyfrowe.mnwr.pl/obiekt/swieta-malgorzata,Święta Małgorzata,"Spinello di Luca, zwany Spinello Aretino, 1385-1390",https://muzeumcyfrowe.mnwr.pl/uploads/thumbs/654e419ddcf89543508045.jpg
654e419f233d0742321814,https://muzeumcyfrowe.mnwr.pl/obiekt/swieta-maria-magdalena,Święta Maria Magdalena,"Spinello di Luca, zwany Spinello Aretino, 1385-1390",https://muzeumcyfrowe.mnwr.pl/uploads/thumbs/654e419f233d0742321814.jpg
654e40a26431a649721503,https://muzeumcyfrowe.mnwr.pl/obiekt/swiety-pawel,Święty Paweł,"Schiavo, Paolo, lata 30. XV w.",https://muzeumcyfrowe.mnwr.pl/uploads/thumbs/654e40a26431a649721503.jpg
654e40a316f5b783391981,https://muzeumcyfrowe.mnwr.pl/obiekt/swiety-piotr,Święty Piotr,"Schiavo, Paolo, 1436",https://muzeumcyfrowe.mnwr.pl/uploads/thumbs/654e40a316f5b783391981.jpg
654e41578242a537423553,https://muzeumcyfrowe.mnwr.pl/obiekt/adoracja-dzieciatka-jezus-przez-matke-boska,Adoracja Dzieciątka Jezus przez Matkę Boską,"Rosselli, Cosimo, 1485",https://muzeumcyfrowe.mnwr.pl/uploads/thumbs/654e41578242a537423553.jpg
654e41a3aa4d6289183633,https://muzeumcyfrowe.mnwr.pl/obiekt/adoracja-ukrzyzowanego-chrystusa-przez-swietych-hieronima-i-marie-magdalene,Adoracja ukrzyżowanego Chrystusa przez świętych Hieronima i Marię Magdalenę,"Signorelli, Luca d'Egidio, ok. 1485",https://muzeumcyfrowe.mnwr.pl/uploads/thumbs/654e41a3aa4d6289183633.jpg
654e41a4b35bd062860986,https://muzeumcyfrowe.mnwr.pl/obiekt/oplakiwanie-chrystusa,Opłakiwanie Chrystusa,"Santi, Giovanni, 1484-1489",https://muzeumcyfrowe.mnwr.pl/uploads/thumbs/654e41a4b35bd062860986.jpg
654e40a40aeb8812761239,https://muzeumcyfrowe.mnwr.pl/obiekt/madonna-z-dzieciatkiem-i-szczyglem,Madonna z Dzieciątkiem i szczygłem,"Malatesta, Leonardo di Francesco di Lazzaro, ok. 1505",https://muzeumcyfrowe.mnwr.pl/uploads/thumbs/654e40a40aeb8812761239.jpg
654e40bcb0efa353807263,https://muzeumcyfrowe.mnwr.pl/obiekt/portret-klary-heugel,Portret Klary Heugel,ok. 1520 ?,https://muzeumcyfrowe.mnwr.pl/uploads/thumbs/654e40bcb0efa353807263.jpg
654e40f264739106312884,https://muzeumcyfrowe.mnwr.pl/obiekt/hiob-i-muzykujacy-przyjaciele,Hiob i muzykujący przyjaciele,ok. 1520,https://muzeumcyfrowe.mnwr.pl/uploads/thumbs/654e40f264739106312884.jpg
654e40bb80642554239003,https://muzeumcyfrowe.mnwr.pl/obiekt/portret-lorenza-heugla,Portret Lorenza Heugla,ok. 1520 ?,https://muzeumcyfrowe.mnwr.pl/uploads/thumbs/654e40bb80642554239003.jpg
654e40b4b3fe6382734552,https://muzeumcyfrowe.mnwr.pl/obiekt/sceny-z-zycia-lazarza-i-hioba,Sceny z życia Łazarza i Hioba,"Altdorfer, Erhard, ok. 1522",https://muzeumcyfrowe.mnwr.pl/uploads/thumbs/654e40b4b3fe6382734552.jpg
654e41a828710702685646,https://muzeumcyfrowe.mnwr.pl/obiekt/madonna-z-dzieciatkiem-i-sw-janem,Madonna z Dzieciątkiem i św. Janem,"Bronzino, Agnolo, ok. 1530",https://muzeumcyfrowe.mnwr.pl/uploads/thumbs/654e41a828710702685646.jpg
6512f3474991d430980713,https://muzeumcyfrowe.mnwr.pl/obiekt/zmartwychwstanie-epitafium-jeremiasa-venedigera,Zmartwychwstanie. Epitafium Jeremiasa Venedigera,ok. 1530 i ok. 1587,https://muzeumcyfrowe.mnwr.pl/uploads/thumbs/6512f3474991d430980713.jpg
654e4306d0bdc989826414,https://muzeumcyfrowe.mnwr.pl/obiekt/ewa,Ewa,"Cranach, Lucas starszy, ok. 1531",https://muzeumcyfrowe.mnwr.pl/uploads/thumbs/654e4306d0bdc989826414.jpg
654e4967f17f8927075587,https://muzeumcyfrowe.mnwr.pl/obiekt/portret-patrycjusza-wroclawskiego-z-inicjalami-bh,Portret patrycjusza wrocławskiego z inicjałami BH,ok. 1540,https://muzeumcyfrowe.mnwr.pl/uploads/thumbs/654e4967f17f8927075587.jpg
654e43d6cbf3e480611427,https://muzeumcyfrowe.mnwr.pl/obiekt/portret-marcina-lutra,Portret Marcina Lutra,"Cranach, Lucas starszy, ok. 1540",https://muzeumcyfrowe.mnwr.pl/uploads/thumbs/654e43d6cbf3e480611427.jpg
6512f34b2a0ee051711053,https://muzeumcyfrowe.mnwr.pl/obiekt/zmartwychwstanie-epitafium-rodziny-scheurl,Zmartwychwstanie. Epitafium rodziny Scheurl,1537,https://muzeumcyfrowe.mnwr.pl/uploads/thumbs/6512f34b2a0ee051711053.jpg
65e8f8ae055e4506900356,https://muzeumcyfrowe.mnwr.pl/obiekt/bog-z-rajem-adama-i-ewy-w-epitafium-nicolausa-jenckwitz-posadowskiego,Bóg z rajem Adama i Ewy w epitafium Nicolausa Jenckwitz-Posadowskiego,1537,https://muzeumcyfrowe.mnwr.pl/uploads/thumbs/65e8f8ae055e4506900356.jpg
654e40be05d3e112379741,https://muzeumcyfrowe.mnwr.pl/obiekt/portret-georga-logusa,Portret Georga Logusa,ok. 1546,https://muzeumcyfrowe.mnwr.pl/uploads/thumbs/654e40be05d3e112379741.jpg
654e49655d133790752241,https://muzeumcyfrowe.mnwr.pl/obiekt/portret-andreasa-hertwiga,Portret Andreasa Hertwiga,1541,https://muzeumcyfrowe.mnwr.pl/uploads/thumbs/654e49655d133790752241.jpg
653b837b9da8b732801288,https://muzeumcyfrowe.mnwr.pl/obiekt/ukrzyzowanie-z-maria-i-sw-janem-obraz-z-epitafium-tilmana-hertwiga,Ukrzyżowanie z Marią i św. Janem. Obraz z epitafium Tilmana Hertwiga,1542,https://muzeumcyfrowe.mnwr.pl/uploads/thumbs/653b837b9da8b732801288.jpg
654e4408bd48c884362096,https://muzeumcyfrowe.mnwr.pl/obiekt/zmartwychwstanie-w-epitafium-matthiasa-auctusa,Zmartwychwstanie w epitafium Matthiasa Auctusa,po 1543,https://muzeumcyfrowe.mnwr.pl/uploads/thumbs/654e4408bd48c884362096.jpg
654e4305c6ab0748712665,https://muzeumcyfrowe.mnwr.pl/obiekt/portret-cesarza-karola-v,Portret cesarza Karola V,"Amberger, Christoph, ok. 1548",https://muzeumcyfrowe.mnwr.pl/uploads/thumbs/654e4305c6ab0748712665.jpg
654e40b60561b274785577,https://muzeumcyfrowe.mnwr.pl/obiekt/chrystus-w-koronie-cierniowej,Chrystus w koronie cierniowej,"Pencz, Georg, 1544",https://muzeumcyfrowe.mnwr.pl/uploads/thumbs/654e40b60561b274785577.jpg
653b8376cece2721600769,https://muzeumcyfrowe.mnwr.pl/obiekt/chrystus-i-setnik-z-kafarnaum-obraz-z-epitafium-balthasara-mehla,Chrystus i setnik z Kafarnaum. Obraz z epitafium Balthasara Mehla,1545,https://muzeumcyfrowe.mnwr.pl/uploads/thumbs/653b8376cece2721600769.jpg
654e43e5df966868918823,https://muzeumcyfrowe.mnwr.pl/obiekt/waz-miedziany-w-epitafium-niclasa-uthmana,Wąż miedziany w epitafium Niclasa Uthmana,1547 i 1565,https://muzeumcyfrowe.mnwr.pl/uploads/thumbs/654e43e5df966868918823.jpg
654e428a46ad9995690442,https://muzeumcyfrowe.mnwr.pl/obiekt/tablica-prawa-i-laski-w-epitafium-johanna-hessa,Tablica Prawa i Łaski w epitafium Johanna Hessa,1547-1549,https://muzeumcyfrowe.mnwr.pl/uploads/thumbs/654e428a46ad9995690442.jpg
654e414f6b7de704938172,https://muzeumcyfrowe.mnwr.pl/obiekt/portret-dziewczyny-jako-diany,Portret dziewczyny jako Diany,"Floris de Vriendt, Frans, ok. 1550",https://muzeumcyfrowe.mnwr.pl/uploads/thumbs/654e414f6b7de704938172.jpg
653b8188d0697608137509,https://muzeumcyfrowe.mnwr.pl/obiekt/portret-joachima-ii-maltzana,Portret Joachima II Maltzana,kopia z XIX w. (1551 oryginał),https://muzeumcyfrowe.mnwr.pl/uploads/thumbs/653b8188d0697608137509.jpg
654e4196b42a7808653135,https://muzeumcyfrowe.mnwr.pl/obiekt/swiatowe-zycie-marii-magdaleny,Światowe życie Marii Magdaleny,2. połowa XVI w.,https://muzeumcyfrowe.mnwr.pl/uploads/thumbs/654e4196b42a7808653135.jpg
653b83374d5f1851143219,https://muzeumcyfrowe.mnwr.pl/obiekt/chrzest-chrystusa-w-epitafium-niclasa-burghausa,Chrzest Chrystusa w epitafium Niclasa Burghausa,po 1552,https://muzeumcyfrowe.mnwr.pl/uploads/thumbs/653b83374d5f1851143219.jpg
653b831406f34680809562,https://muzeumcyfrowe.mnwr.pl/obiekt/przypowiesci-o-sadzie-ostatecznym,Przypowieści o Sądzie Ostatecznym,1554,https://muzeumcyfrowe.mnwr.pl/uploads/thumbs/653b831406f34680809562.jpg
653b83826f380066208885,https://muzeumcyfrowe.mnwr.pl/obiekt/portret-gertrudy-kulman,Portret Gertrudy Kulman,1554,https://muzeumcyfrowe.mnwr.pl/uploads/thumbs/653b83826f380066208885.jpg
653b8338a8011599951106,https://muzeumcyfrowe.mnwr.pl/obiekt/biczowanie-chrystusa-w-epitafium-petera-nunharta,Biczowanie Chrystusa w epitafium Petera Nunharta,ok. 1555,https://muzeumcyfrowe.mnwr.pl/uploads/thumbs/653b8338a8011599951106.jpg
653b8379b32fa644679472,https://muzeumcyfrowe.mnwr.pl/obiekt/odnalezienie-12-letniego-jezusa-w-swiatyni-w-epitafium-bartholomaeusa-kretschmera,Odnalezienie 12-letniego Jezusa w Świątyni w epitafium Bartholomaeusa Kretschmera,po 1558,https://muzeumcyfrowe.mnwr.pl/uploads/thumbs/653b8379b32fa644679472.jpg
653b8371c9d93238974775,https://muzeumcyfrowe.mnwr.pl/obiekt/dzialanie-meki-panskiej-w-epitafium-georga-mehla,Działanie męki Pańskiej w epitafium Georga Mehla,1558,https://muzeumcyfrowe.mnwr.pl/uploads/thumbs/653b8371c9d93238974775.jpg
653b835d88926701910766,https://muzeumcyfrowe.mnwr.pl/obiekt/ukrzyzowanie-z-maria-i-janem-w-epitafium-hansa-hillebrandta,Ukrzyżowanie z Marią i Janem w epitafium Hansa Hillebrandta,ok. 1567,https://muzeumcyfrowe.mnwr.pl/uploads/thumbs/653b835d88926701910766.jpg
653b837e601f7042914984,https://muzeumcyfrowe.mnwr.pl/obiekt/chrzest-chrystusa-obraz-z-epitafium-hansa-starosa,Chrzest Chrystusa. Obraz z epitafium Hansa Starosa,1563,https://muzeumcyfrowe.mnwr.pl/uploads/thumbs/653b837e601f7042914984.jpg
654e40c3f09a0052402600,https://muzeumcyfrowe.mnwr.pl/obiekt/wizja-ezechiela-z-epitafium-magdaleny-mettel,Wizja Ezechiela z epitafium Magdaleny Mettel,"Fendt, Tobias, 1565",https://muzeumcyfrowe.mnwr.pl/uploads/thumbs/654e40c3f09a0052402600.jpg
653b7fa506aea903488307,https://muzeumcyfrowe.mnwr.pl/obiekt/portret-kobiety-z-rodziny-schilling,Portret kobiety z rodziny Schilling,1567,https://muzeumcyfrowe.mnwr.pl/uploads/thumbs/653b7fa506aea903488307.jpg
654e441744c17272989714,https://muzeumcyfrowe.mnwr.pl/obiekt/portret-zbiorowy-rodziny-schaffgotschow,Portret zbiorowy rodziny Schaffgotschów,ok. 1575,https://muzeumcyfrowe.mnwr.pl/uploads/thumbs/654e441744c17272989714.jpg
653b837132212018914226,https://muzeumcyfrowe.mnwr.pl/obiekt/przemienienie-panskie,Przemienienie Pańskie,przed 1580,https://muzeumcyfrowe.mnwr.pl/uploads/thumbs/653b837132212018914226.jpg
653b835a98701473069571,https://muzeumcyfrowe.mnwr.pl/obiekt/epitafium-matthiasa-lausnitza,Epitafium Matthiasa Lausnitza,po 1575,https://muzeumcyfrowe.mnwr.pl/uploads/thumbs/653b835a98701473069571.jpg
653b81bf6eb1d610433330,https://muzeumcyfrowe.mnwr.pl/obiekt/alegoryczne-ukrzyzowanie-w-epitafium-benedicta-distlera,Alegoryczne Ukrzyżowanie w epitafium Benedicta Distlera,1576,https://muzeumcyfrowe.mnwr.pl/uploads/thumbs/653b81bf6eb1d610433330.jpg
654e4184a79df050396414,https://muzeumcyfrowe.mnwr.pl/obiekt/pejzaz-zimowy-z-lyzwiarzami-i-pulapka-na-ptaki,Pejzaż zimowy z łyżwiarzami i pułapką na ptaki,"Brueghel, Pieter młodszy, ok. 1600",https://muzeumcyfrowe.mnwr.pl/uploads/thumbs/654e4184a79df050396414.jpg
654e43519f305775277895,https://muzeumcyfrowe.mnwr.pl/obiekt/chrystus-zapowiada-sad-ostateczny-obraz-z-epitafium-hansa-mohrenberga,Chrystus zapowiada Sąd Ostateczny. Obraz z epitafium Hansa Mohrenberga,"Fendt, Tobias, 1576",https://muzeumcyfrowe.mnwr.pl/uploads/thumbs/654e43519f305775277895.jpg
654e496c5a663133780677,https://muzeumcyfrowe.mnwr.pl/obiekt/rodzina-mohrenberg-na-tle-panoramy-wroclawia,Rodzina Mohrenberg na tle panoramy Wrocławia,"Fendt, Tobias, 1576",https://muzeumcyfrowe.mnwr.pl/uploads/thumbs/654e496c5a663133780677.jpg
654e43e47c364602625943,https://muzeumcyfrowe.mnwr.pl/obiekt/sad-ostateczny-z-herbami-rehdiger-i-herbrot,Sąd Ostateczny z herbami Rehdiger i Herbrot,"Mistrz Aniołów, ok. 1583",https://muzeumcyfrowe.mnwr.pl/uploads/thumbs/654e43e47c364602625943.jpg
654e495f7af1a482769526,https://muzeumcyfrowe.mnwr.pl/obiekt/portret-bartholomausa-mandla,Portret Bartholomäusa Mandla,1578,https://muzeumcyfrowe.mnwr.pl/uploads/thumbs/654e495f7af1a482769526.jpg
654e432e0dab2124728600,https://muzeumcyfrowe.mnwr.pl/obiekt/portret-chryzomysla,Portret Chryzomysła,1580-1604,https://muzeumcyfrowe.mnwr.pl/uploads/thumbs/654e432e0dab2124728600.jpg
653b836e664dd484851796,https://muzeumcyfrowe.mnwr.pl/obiekt/chrystus-w-otchlani-w-epitafium-michaela-uthmann-von-rathen,Chrystus w otchłani w epitafium Michaela Uthmann von Rathen,1581,https://muzeumcyfrowe.mnwr.pl/uploads/thumbs/653b836e664dd484851796.jpg
653b831faf7bb626507235,https://muzeumcyfrowe.mnwr.pl/obiekt/portret-zbiorowy-rodziny-michaela-uthmanna,Portret zbiorowy rodziny Michaela Uthmanna,"Mistrz Aniołów, po 1581",https://muzeumcyfrowe.mnwr.pl/uploads/thumbs/653b831faf7bb626507235.jpg
654e4402d7f2e882642850,https://muzeumcyfrowe.mnwr.pl/obiekt/sad-ostateczny,Sąd Ostateczny,po 1583,https://muzeumcyfrowe.mnwr.pl/uploads/thumbs/654e4402d7f2e882642850.jpg
653b833a64827429928678,https://muzeumcyfrowe.mnwr.pl/obiekt/milosierny-samarytanin-w-epitafium-abrahama-seilera,Miłosierny Samarytanin w epitafium Abrahama Seilera,1584,https://muzeumcyfrowe.mnwr.pl/uploads/thumbs/653b833a64827429928678.jpg
654270f4f3670032525711,https://muzeumcyfrowe.mnwr.pl/obiekt/sw-hieronim,Św. Hieronim,"Willmann, Michael Lucas Leopold, 1595",https://muzeumcyfrowe.mnwr.pl/uploads/thumbs/654270f4f3670032525711.jpg
654e4197a3e7e608797775,https://muzeumcyfrowe.mnwr.pl/obiekt/porwanie-heleny-trojanskiej,Porwanie Heleny Trojańskiej,"Valckenborch, Gillis van, ok. 1600",https://muzeumcyfrowe.mnwr.pl/uploads/thumbs/654e4197a3e7e608797775.jpg
654e4183e4318701923511,https://muzeumcyfrowe.mnwr.pl/obiekt/krajobraz-z-kamiennym-mostem,Krajobraz z kamiennym mostem,"Momper, Joos de młodszy, ok. 1600-1610",https://muzeumcyfrowe.mnwr.pl/uploads/thumbs/654e4183e4318701923511.jpg
654e418bda080821126335,https://muzeumcyfrowe.mnwr.pl/obiekt/krajobraz-lesny-ze-scena-kuszenia-chrystusa,Krajobraz leśny ze sceną kuszenia Chrystusa,"Hondecoeter, Gillis Claesz. de, 1. dziesięciolecie XVII w.",https://muzeumcyfrowe.mnwr.pl/uploads/thumbs/654e418bda080821126335.jpg
654e418850c45030048977,https://muzeumcyfrowe.mnwr.pl/obiekt/utarczka-pod-s-hertogenbosch,Utarczka pod 's-Hertogenbosch,1. ćw. XVII w.,https://muzeumcyfrowe.mnwr.pl/uploads/thumbs/654e418850c45030048977.jpg
654e41664f036762946770,https://muzeumcyfrowe.mnwr.pl/obiekt/swieta-cecylia,Święta Cecylia,"Strozzi, Bernardo, ok. 1620",https://muzeumcyfrowe.mnwr.pl/uploads/thumbs/654e41664f036762946770.jpg
654e41460ccdb668885868,https://muzeumcyfrowe.mnwr.pl/obiekt/martwa-natura-z-karczochami,Martwa natura z karczochami,"Beert, Osias starszy, ok. 1600",https://muzeumcyfrowe.mnwr.pl/uploads/thumbs/654e41460ccdb668885868.jpg
653b830c57737536808134,https://muzeumcyfrowe.mnwr.pl/obiekt/ukrzyzowanie,Ukrzyżowanie,ok. 1630,https://muzeumcyfrowe.mnwr.pl/uploads/thumbs/653b830c57737536808134.jpg
654e418279f90967921429,https://muzeumcyfrowe.mnwr.pl/obiekt/portret-ksiecia-janusza-radziwilla,Portret księcia Janusza Radziwiłła,"Bailly, David, 1632",https://muzeumcyfrowe.mnwr.pl/uploads/thumbs/654e418279f90967921429.jpg
654e418601f7e865561945,https://muzeumcyfrowe.mnwr.pl/obiekt/u-kuplerki,U kuplerki,"Bijlert, Jan van, ok. 1630",https://muzeumcyfrowe.mnwr.pl/uploads/thumbs/654e418601f7e865561945.jpg
653b7d24b999b111045370,https://muzeumcyfrowe.mnwr.pl/obiekt/krezus-i-solon,Krezus i Solon,"Francken, Frans młodszy, ok. 1610-1620",https://muzeumcyfrowe.mnwr.pl/uploads/thumbs/653b7d24b999b111045370.jpg
654e4189429ea047170054,https://muzeumcyfrowe.mnwr.pl/obiekt/poklon-trzech-kroli,Pokłon Trzech króli,"Teniers, David starszy, ok. 1640",https://muzeumcyfrowe.mnwr.pl/uploads/thumbs/654e4189429ea047170054.jpg
654e45198feee372930779,https://muzeumcyfrowe.mnwr.pl/obiekt/wykwintne-towarzystwo-we-wnetrzu,Wykwintne towarzystwo we wnętrzu,"Palamedesz, Anthonie, ok. 1635",https://muzeumcyfrowe.mnwr.pl/uploads/thumbs/654e45198feee372930779.jpg
654e41aa1ce44828666403,https://muzeumcyfrowe.mnwr.pl/obiekt/modlaca-sie-madonna,Modląca się Madonna,"Salvi, Giovanni Battista, zwany Sassoferrato, 1630-1685",https://muzeumcyfrowe.mnwr.pl/uploads/thumbs/654e41aa1ce44828666403.jpg
654e418d0abae576581536,https://muzeumcyfrowe.mnwr.pl/obiekt/heraklit-i-demokryt,Heraklit i Demokryt,"Jacobsz, Lambert, ok. 1630",https://muzeumcyfrowe.mnwr.pl/uploads/thumbs/654e418d0abae576581536.jpg
654e4195bd1c0689751192,https://muzeumcyfrowe.mnwr.pl/obiekt/wiejski-korowod,Wiejski korowód,"Vos, Simon de, ok. 1640",https://muzeumcyfrowe.mnwr.pl/uploads/thumbs/654e4195bd1c0689751192.jpg
654e4b90333b9646010042,https://muzeumcyfrowe.mnwr.pl/obiekt/zabawa-w-stodole,Zabawa w stodole,"Cuyp, Benjamin, ok. 1640",https://muzeumcyfrowe.mnwr.pl/uploads/thumbs/654e4b90333b9646010042.jpg
654e419873607385852212,https://muzeumcyfrowe.mnwr.pl/obiekt/kazanie-swietego-antoniego-do-zwierzat,Kazanie świętego Antoniego do zwierząt,ok. 1655,https://muzeumcyfrowe.mnwr.pl/uploads/thumbs/654e419873607385852212.jpg
65fb6c2f57a53480958441,https://muzeumcyfrowe.mnwr.pl/obiekt/martwa-natura-z-naczyniami-i-owocami,Martwa natura z naczyniami i owocami,"Ponce, Antonio, ok. 1650",https://muzeumcyfrowe.mnwr.pl/uploads/thumbs/65fb6c2f57a53480958441.jpg
654e41a67ef9c373993482,https://muzeumcyfrowe.mnwr.pl/obiekt/archaniol-rafal-i-tobiasz,Archanioł Rafał i Tobiasz,"Lippi, Lorenzo, ok. 1648",https://muzeumcyfrowe.mnwr.pl/uploads/thumbs/654e41a67ef9c373993482.jpg
654e418b16080286621693,https://muzeumcyfrowe.mnwr.pl/obiekt/portret-mezczyzny-w-kolnierzu-z-pomponami,Portret mężczyzny w kołnierzu z pomponami,"Marle, Eva van, poł. XVII w.",https://muzeumcyfrowe.mnwr.pl/uploads/thumbs/654e418b16080286621693.jpg
654e4186ed274957967050,https://muzeumcyfrowe.mnwr.pl/obiekt/przed-murami-rzymu,Przed murami Rzymu,"Weenix, Jan Baptiste, ok. 1650",https://muzeumcyfrowe.mnwr.pl/uploads/thumbs/654e4186ed274957967050.jpg
654e418185c64808760266,https://muzeumcyfrowe.mnwr.pl/obiekt/krajobraz-z-ruinami-akweduktu-i-trzoda,Krajobraz z ruinami akweduktu i trzodą,"Asselijn, Jan, ok. 1650",https://muzeumcyfrowe.mnwr.pl/uploads/thumbs/654e418185c64808760266.jpg
654e41aae7239189902322,https://muzeumcyfrowe.mnwr.pl/obiekt/bog-ojciec-blogoslawiacy-swiat,Bóg Ojciec błogosławiący świat,"Gennari, Benedetto, 1678-1680",https://muzeumcyfrowe.mnwr.pl/uploads/thumbs/654e41aae7239189902322.jpg
654e419a0b8fd181465175,https://muzeumcyfrowe.mnwr.pl/obiekt/wielkodusznosc-scypiona,Wielkoduszność Scypiona,"Wet, Jacob Willemsz. de starszy, 3 ćw. XVII w.",https://muzeumcyfrowe.mnwr.pl/uploads/thumbs/654e419a0b8fd181465175.jpg
654e418a3b1c1462690388,https://muzeumcyfrowe.mnwr.pl/obiekt/towarzystwo-przy-kartach,Towarzystwo przy kartach,"Hals, Dirck, 2. ćwierć XVII w.",https://muzeumcyfrowe.mnwr.pl/uploads/thumbs/654e418a3b1c1462690388.jpg
654e41441bbee152034639,https://muzeumcyfrowe.mnwr.pl/obiekt/kobieta-skubiaca-kaczora,Kobieta skubiąca kaczora,"Beeldemaker, Adriaen Cornelisz, ok. 1650",https://muzeumcyfrowe.mnwr.pl/uploads/thumbs/654e41441bbee152034639.jpg
654e414e7ae42289614529,https://muzeumcyfrowe.mnwr.pl/obiekt/rozbicie-statku-przy-skalistym-wybrzezu,Rozbicie statku przy skalistym wybrzeżu,"Coopse, Pieter, ok. 1660",https://muzeumcyfrowe.mnwr.pl/uploads/thumbs/654e414e7ae42289614529.jpg
654e405241716458095137,https://muzeumcyfrowe.mnwr.pl/obiekt/koronacja-marii,Koronacja Marii,"Willmann, Michael Lucas Leopold, 1656",https://muzeumcyfrowe.mnwr.pl/uploads/thumbs/654e405241716458095137.jpg
654e40979a4c1919601135,https://muzeumcyfrowe.mnwr.pl/obiekt/wizja-sw-bernarda,Wizja św. Bernarda,"Willmann, Michael Lucas Leopold, przed 1682",https://muzeumcyfrowe.mnwr.pl/uploads/thumbs/654e40979a4c1919601135.jpg
653b77f621dbf769728892,https://muzeumcyfrowe.mnwr.pl/obiekt/sw-monika,Św. Monika,"Willmann, Michael Lucas Leopold, 1660-1670",https://muzeumcyfrowe.mnwr.pl/uploads/thumbs/653b77f621dbf769728892.jpg
654e406172f74755884036,https://muzeumcyfrowe.mnwr.pl/obiekt/porwanie-persefony,Porwanie Persefony,"Willmann, Michael Lucas Leopold, około 1665",https://muzeumcyfrowe.mnwr.pl/uploads/thumbs/654e406172f74755884036.jpg
654e427f0366d824837153,https://muzeumcyfrowe.mnwr.pl/obiekt/ostatnia-wieczerza,Ostatnia wieczerza,"Willmann, Michael Lucas Leopold, 1661",https://muzeumcyfrowe.mnwr.pl/uploads/thumbs/654e427f0366d824837153.jpg
653b83250f679181552564,https://muzeumcyfrowe.mnwr.pl/obiekt/meczenstwo-sw-apolonii,Męczeństwo Św. Apolonii,"Willmann, Michael Lucas Leopold, 1664",https://muzeumcyfrowe.mnwr.pl/uploads/thumbs/653b83250f679181552564.jpg
654e406bb5e70726246591,https://muzeumcyfrowe.mnwr.pl/obiekt/orfeusz-grajacy-zwierzetom,Orfeusz grający zwierzętom,"Willmann, Michael Lucas Leopold, ok. 1670",https://muzeumcyfrowe.mnwr.pl/uploads/thumbs/654e406bb5e70726246591.jpg
654e40754980b756169348,https://muzeumcyfrowe.mnwr.pl/obiekt/raj-ejectio-adami-ex-paradiso,Raj (Ejectio Adami ex paradiso),"Willmann, Michael Lucas Leopold, ok. 1670",https://muzeumcyfrowe.mnwr.pl/uploads/thumbs/654e40754980b756169348.jpg
6556a0cc516c5297390868,https://muzeumcyfrowe.mnwr.pl/obiekt/swieta-rodzina-pocalunek-sw-jozefa,Święta Rodzina – Pocałunek św. Józefa,"Willmann, Michael Lucas Leopold, po 1669",https://muzeumcyfrowe.mnwr.pl/uploads/thumbs/6556a0cc516c5297390868.jpg
653b8318968b3863134677,https://muzeumcyfrowe.mnwr.pl/obiekt/pocalunek-jozefa,Pocałunek Józefa,"Willmann, Michael Lucas Leopold, ok. 1675",https://muzeumcyfrowe.mnwr.pl/uploads/thumbs/653b8318968b3863134677.jpg
6556a0b0e4b3f923414485,https://muzeumcyfrowe.mnwr.pl/obiekt/powolanie-sw-mateusza,Powołanie św. Mateusza,"Willmann, Michael Lucas Leopold, ok. 1675",https://muzeumcyfrowe.mnwr.pl/uploads/thumbs/6556a0b0e4b3f923414485.jpg
654e42fe079cc797195956,https://muzeumcyfrowe.mnwr.pl/obiekt/ruiny-antyczne,Ruiny antyczne,"Harms, Johann Oswald, 1671",https://muzeumcyfrowe.mnwr.pl/uploads/thumbs/654e42fe079cc797195956.jpg
654e41ad2e5e3761847888,https://muzeumcyfrowe.mnwr.pl/obiekt/herkules-i-omfale,Herkules i Omfale,"Celesti, Andrea, ok. 1670",https://muzeumcyfrowe.mnwr.pl/uploads/thumbs/654e41ad2e5e3761847888.jpg
653b833035f12007501131,https://muzeumcyfrowe.mnwr.pl/obiekt/portret-arnolda-freibergera,Portret Arnolda Freibergera,"Willmann, Michael Lucas Leopold, 1672",https://muzeumcyfrowe.mnwr.pl/uploads/thumbs/653b833035f12007501131.jpg
653b7835e114f404945469,https://muzeumcyfrowe.mnwr.pl/obiekt/komunia-apostolow,Komunia apostołów,"Willmann, Michael Lucas Leopold, około 1681",https://muzeumcyfrowe.mnwr.pl/uploads/thumbs/653b7835e114f404945469.jpg
654e418779009762525590,https://muzeumcyfrowe.mnwr.pl/obiekt/motywy-ze-starego-kosciola-w-delft,Motywy ze Starego Kościoła w Delft,"Witte, Emanuel de, ok. 1680",https://muzeumcyfrowe.mnwr.pl/uploads/thumbs/654e418779009762525590.jpg
654e40a4d6a30851453068,https://muzeumcyfrowe.mnwr.pl/obiekt/rachela-i-laban,Rachela i Laban,"Carneo, Antonio, 1678-1680",https://muzeumcyfrowe.mnwr.pl/uploads/thumbs/654e40a4d6a30851453068.jpg
6556a0f7b1a24541750175,https://muzeumcyfrowe.mnwr.pl/obiekt/zmartwychwstanie-chrystusa,Zmartwychwstanie Chrystusa,"Willmann, Michael Lucas Leopold, ok. 1682",https://muzeumcyfrowe.mnwr.pl/uploads/thumbs/6556a0f7b1a24541750175.jpg
654e408920fc1732959595,https://muzeumcyfrowe.mnwr.pl/obiekt/rodzina-chrystusa,Rodzina Chrystusa,"Willmann, Michael Lucas Leopold, 1677-1679",https://muzeumcyfrowe.mnwr.pl/uploads/thumbs/654e408920fc1732959595.jpg
65554f4db6351284611140,https://muzeumcyfrowe.mnwr.pl/obiekt/wizja-sw-ludgardy,Wizja św. Ludgardy,"Willmann, Michael Lucas Leopold, ok. 1682",https://muzeumcyfrowe.mnwr.pl/uploads/thumbs/65554f4db6351284611140.jpg
6556a0b598cdb787012829,https://muzeumcyfrowe.mnwr.pl/obiekt/pierwszy-upadek-chrystusa-pod-krzyzem,Pierwszy upadek Chrystusa pod krzyżem,"Willmann, Michael Lucas Leopold, ok. 1682",https://muzeumcyfrowe.mnwr.pl/uploads/thumbs/6556a0b598cdb787012829.jpg
6556a0bd8f73a550336966,https://muzeumcyfrowe.mnwr.pl/obiekt/przybicie-chrystusa-do-krzyza,Przybicie Chrystusa do krzyża,"Willmann, Michael Lucas Leopold, ok. 1682",https://muzeumcyfrowe.mnwr.pl/uploads/thumbs/6556a0bd8f73a550336966.jpg
6556a0c4f17c5891577365,https://muzeumcyfrowe.mnwr.pl/obiekt/spotkanie-chrystusa-z-niewiastami-jerozolimskimi,Spotkanie Chrystusa z niewiastami jerozolimskimi,"Willmann, Michael Lucas Leopold, ok. 1682",https://muzeumcyfrowe.mnwr.pl/uploads/thumbs/6556a0c4f17c5891577365.jpg
6556a0d2c7a31280578294,https://muzeumcyfrowe.mnwr.pl/obiekt/meczenstwo-sw-barbary,Męczeństwo św. Barbary,"Willmann, Michael Lucas Leopold, ok. 1682",https://muzeumcyfrowe.mnwr.pl/uploads/thumbs/6556a0d2c7a31280578294.jpg
6556a0eeae440215533427,https://muzeumcyfrowe.mnwr.pl/obiekt/dysputa-sw-katarzyny,Dysputa św. Katarzyny,"Willmann, Michael Lucas Leopold, ok. 1682",https://muzeumcyfrowe.mnwr.pl/uploads/thumbs/6556a0eeae440215533427.jpg
6556a10aa1bfb593670857,https://muzeumcyfrowe.mnwr.pl/obiekt/pocalunek-jozefa-1,Pocałunek Józefa,"Willmann, Michael Lucas Leopold, ok. 1682",https://muzeumcyfrowe.mnwr.pl/uploads/thumbs/6556a10aa1bfb593670857.jpg
65554f552688a323587235,https://muzeumcyfrowe.mnwr.pl/obiekt/droga-na-golgote,Droga na Golgotę,"Willmann, Michael Lucas Leopold, ok. 1685",https://muzeumcyfrowe.mnwr.pl/uploads/thumbs/65554f552688a323587235.jpg
6556a094500a0010386063,https://muzeumcyfrowe.mnwr.pl/obiekt/ucieczka-do-egiptu-1,Ucieczka do Egiptu,"Willmann, Michael Lucas Leopold, ok. 1685",https://muzeumcyfrowe.mnwr.pl/uploads/thumbs/6556a094500a0010386063.jpg
6556a1391f65d241979139,https://muzeumcyfrowe.mnwr.pl/obiekt/sw-urszula,Św. Urszula,"Willmann, Michael Lucas Leopold, ok. 1685",https://muzeumcyfrowe.mnwr.pl/uploads/thumbs/6556a1391f65d241979139.jpg
653b7847d32f0187446493,https://muzeumcyfrowe.mnwr.pl/obiekt/poklon-pasterzy,Pokłon pasterzy,"Willmann, Michael Lucas Leopold, około 1682",https://muzeumcyfrowe.mnwr.pl/uploads/thumbs/653b7847d32f0187446493.jpg
654e43fa956d9853855543,https://muzeumcyfrowe.mnwr.pl/obiekt/melchizedek,Melchizedek,"Willmann, Michael Lucas Leopold, 1681",https://muzeumcyfrowe.mnwr.pl/uploads/thumbs/654e43fa956d9853855543.jpg
654e43ec984e6212359245,https://muzeumcyfrowe.mnwr.pl/obiekt/aaron,Aaron,"Willmann, Michael Lucas Leopold, 1681",https://muzeumcyfrowe.mnwr.pl/uploads/thumbs/654e43ec984e6212359245.jpg
653b838e9ce5e096305441,https://muzeumcyfrowe.mnwr.pl/obiekt/chrystus-w-ogrojcu,Chrystus w Ogrójcu,"Willmann, Michael Lucas Leopold, 1682",https://muzeumcyfrowe.mnwr.pl/uploads/thumbs/653b838e9ce5e096305441.jpg
654d69346bbd9877552920,https://muzeumcyfrowe.mnwr.pl/obiekt/autoportret-6,Autoportret,"Willmann, Michael Lucas Leopold, 1682",https://muzeumcyfrowe.mnwr.pl/uploads/thumbs/654d69346bbd9877552920.jpg
654e432fdfefa792625203,https://muzeumcyfrowe.mnwr.pl/obiekt/portret-amsterdamskiego-kupca,Portret amsterdamskiego kupca,"Maes, Nicolaes, ok. 1670",https://muzeumcyfrowe.mnwr.pl/uploads/thumbs/654e432fdfefa792625203.jpg
653b83838786e340393696,https://muzeumcyfrowe.mnwr.pl/obiekt/ecce-homo,Ecce Homo,"Willmann, Michael Lucas Leopold, 1682",https://muzeumcyfrowe.mnwr.pl/uploads/thumbs/653b83838786e340393696.jpg
65554f3243001479775678,https://muzeumcyfrowe.mnwr.pl/obiekt/smierc-sw-barbary-1,Śmierć św. Barbary,"Willmann, Michael Lucas Leopold, przed 1697",https://muzeumcyfrowe.mnwr.pl/uploads/thumbs/65554f3243001479775678.jpg
653b77e05ef4c296236831,https://muzeumcyfrowe.mnwr.pl/obiekt/portret-bernharda-rosy,Portret Bernharda Rosy,"Willmann, Michael Lucas Leopold, 1684",https://muzeumcyfrowe.mnwr.pl/uploads/thumbs/653b77e05ef4c296236831.jpg
65409de457adf171757989,https://muzeumcyfrowe.mnwr.pl/obiekt/sw-katarzyna,Św. Katarzyna,"Willmann, Michael Lucas Leopold, ok. 1690",https://muzeumcyfrowe.mnwr.pl/uploads/thumbs/65409de457adf171757989.jpg
65554f4967203010346804,https://muzeumcyfrowe.mnwr.pl/obiekt/smierc-i-apoteoza-sw-waclawa,Śmierć i apoteoza św. Wacława,"Willmann, Michael Lucas Leopold, ok. 1690",https://muzeumcyfrowe.mnwr.pl/uploads/thumbs/65554f4967203010346804.jpg
654e414e03257301559385,https://muzeumcyfrowe.mnwr.pl/obiekt/ruiny-koloseum-w-rzymie,Ruiny Koloseum w Rzymie,"Bloemen, Jan Frans van, ok. 1690",https://muzeumcyfrowe.mnwr.pl/uploads/thumbs/654e414e03257301559385.jpg
6556a115b35b1454219777,https://muzeumcyfrowe.mnwr.pl/obiekt/smierc-sw-barbary,Śmierć św. Barbary,"Willmann, Michael Lucas Leopold, 1687",https://muzeumcyfrowe.mnwr.pl/uploads/thumbs/6556a115b35b1454219777.jpg
654e419ca1693936344397,https://muzeumcyfrowe.mnwr.pl/obiekt/pejzaz-z-wodospadem,Pejzaż z wodospadem,"Mulier, Pieter młodszy, ok. 1700",https://muzeumcyfrowe.mnwr.pl/uploads/thumbs/654e419ca1693936344397.jpg
6556a104ea55e004735489,https://muzeumcyfrowe.mnwr.pl/obiekt/milosierny-samarytanin,Miłosierny Samarytanin,"Willmann, Michael Lucas Leopold, ok. 1695",https://muzeumcyfrowe.mnwr.pl/uploads/thumbs/6556a104ea55e004735489.jpg
654e4194c2480431959262,https://muzeumcyfrowe.mnwr.pl/obiekt/alegoria-przemijania,Alegoria przemijania,"Verbruggen, Gaspar Peeter van młodszy, ok. 1690",https://muzeumcyfrowe.mnwr.pl/uploads/thumbs/654e4194c2480431959262.jpg
6556a09a8bc27059821051,https://muzeumcyfrowe.mnwr.pl/obiekt/chrystus-przy-kolumnie,Chrystus przy kolumnie,"Willmann, Michael Lucas Leopold, około 1701",https://muzeumcyfrowe.mnwr.pl/uploads/thumbs/6556a09a8bc27059821051.jpg
654e42fc6798d290083236,https://muzeumcyfrowe.mnwr.pl/obiekt/owca-i-baran,Owca i baran,"Roos, Philipp Peter, ok. 1690",https://muzeumcyfrowe.mnwr.pl/uploads/thumbs/654e42fc6798d290083236.jpg
6556a1005e637946353296,https://muzeumcyfrowe.mnwr.pl/obiekt/sw-ambrozy,Św. Ambroży,"Willmann, Michael Lucas Leopold, 1695-1696",https://muzeumcyfrowe.mnwr.pl/uploads/thumbs/6556a1005e637946353296.jpg
6556a0e691b5b231989448,https://muzeumcyfrowe.mnwr.pl/obiekt/sw-grzegorz,Św. Grzegorz,"Willmann, Michael Lucas Leopold, 1695-1696",https://muzeumcyfrowe.mnwr.pl/uploads/thumbs/6556a0e691b5b231989448.jpg
654e43001edf3042405008,https://muzeumcyfrowe.mnwr.pl/obiekt/czajka-szczygiel-i-zimorodek,"Czajka, szczygieł i zimorodek","Hamilton, Philipp Ferdynand de, ok. 1700",https://muzeumcyfrowe.mnwr.pl/uploads/thumbs/654e43001edf3042405008.jpg
6556a0a32ede9545560210,https://muzeumcyfrowe.mnwr.pl/obiekt/sw-augustyn,Św. Augustyn,"Willmann, Michael Lucas Leopold, 1696",https://muzeumcyfrowe.mnwr.pl/uploads/thumbs/6556a0a32ede9545560210.jpg
654e40b70bcab009911899,https://muzeumcyfrowe.mnwr.pl/obiekt/zdjecie-z-krzyza,Zdjęcie z krzyża,"Rottmayr, Johann Michael, ok. 1702",https://muzeumcyfrowe.mnwr.pl/uploads/thumbs/654e40b70bcab009911899.jpg
6556a0dee1def553883409,https://muzeumcyfrowe.mnwr.pl/obiekt/chrystus-frasobliwy-1,Chrystus frasobliwy,"Willmann, Michael Lucas Leopold, 1701",https://muzeumcyfrowe.mnwr.pl/uploads/thumbs/6556a0dee1def553883409.jpg
654e42feecc6a402818895,https://muzeumcyfrowe.mnwr.pl/obiekt/droga-w-lesistej-dolinie,Droga w lesistej dolinie,"Agricola, Christoph Ludwig, po 1700",https://muzeumcyfrowe.mnwr.pl/uploads/thumbs/654e42feecc6a402818895.jpg
6556a133ef1ae665241036,https://muzeumcyfrowe.mnwr.pl/obiekt/matka-boska-bolesna-2,Matka Boska Bolesna,"Willmann, Michael Lucas Leopold, 1702",https://muzeumcyfrowe.mnwr.pl/uploads/thumbs/6556a133ef1ae665241036.jpg
6556a13ed4e7f152385904,https://muzeumcyfrowe.mnwr.pl/obiekt/sw-jan,Św. Jan,"Willmann, Michael Lucas Leopold, 1702",https://muzeumcyfrowe.mnwr.pl/uploads/thumbs/6556a13ed4e7f152385904.jpg
6556a11cd01f7384278004,https://muzeumcyfrowe.mnwr.pl/obiekt/chrystus-na-krzyzu-1,Chrystus na krzyżu,"Willmann, Michael Lucas Leopold, 1702",https://muzeumcyfrowe.mnwr.pl/uploads/thumbs/6556a11cd01f7384278004.jpg
653b80ac61cc6759711160,https://muzeumcyfrowe.mnwr.pl/obiekt/ukrzyzowanie-tarcza-trumienna-cechu-piekarzy-z-bolkowa,Ukrzyżowanie – tarcza trumienna cechu piekarzy z Bolkowa,1709,https://muzeumcyfrowe.mnwr.pl/uploads/thumbs/653b80ac61cc6759711160.jpg
653b80a90d513523062145,https://muzeumcyfrowe.mnwr.pl/obiekt/zlozenie-do-grobu-tarcza-trumienna-cechu-piekarzy-z-bolkowa,Złożenie do grobu – tarcza trumienna cechu piekarzy z Bolkowa,1709,https://muzeumcyfrowe.mnwr.pl/uploads/thumbs/653b80a90d513523062145.jpg
653b80ab1e0e5372335919,https://muzeumcyfrowe.mnwr.pl/obiekt/zmartwychwstanie-tarcza-trumienna-cechu-piekarzy-z-bolkowa,Zmartwychwstanie – tarcza trumienna cechu piekarzy z Bolkowa,1709,https://muzeumcyfrowe.mnwr.pl/uploads/thumbs/653b80ab1e0e5372335919.jpg
653b80adb770b403291867,https://muzeumcyfrowe.mnwr.pl/obiekt/przemienienie-panskie-tarcza-trumienna-cechu-piekarzy-z-bolkowa,Przemienienie Pańskie – tarcza trumienna cechu piekarzy z Bolkowa,1709,https://muzeumcyfrowe.mnwr.pl/uploads/thumbs/653b80adb770b403291867.jpg
653b80af5a168829042160,https://muzeumcyfrowe.mnwr.pl/obiekt/niesienie-krzyza-tarcza-trumienna-cechu-piekarzy-z-bolkowa,Niesienie krzyża – tarcza trumienna cechu piekarzy z Bolkowa,1709,https://muzeumcyfrowe.mnwr.pl/uploads/thumbs/653b80af5a168829042160.jpg
653b80b0cd17d192522734,https://muzeumcyfrowe.mnwr.pl/obiekt/wskrzeszenie-mlodzienca-z-nain-tarcza-trumienna-cechu-piekarzy-z-bolkowa,Wskrzeszenie młodzieńca z Nain – tarcza trumienna cechu piekarzy z Bolkowa,1709,https://muzeumcyfrowe.mnwr.pl/uploads/thumbs/653b80b0cd17d192522734.jpg
653b80b2378c6507862820,https://muzeumcyfrowe.mnwr.pl/obiekt/smierc-koszaca-kwiaty-tarcza-trumienna-cechu-piekarzy-z-bolkowa,Śmierć kosząca kwiaty – tarcza trumienna cechu piekarzy z Bolkowa,1709,https://muzeumcyfrowe.mnwr.pl/uploads/thumbs/653b80b2378c6507862820.jpg
654e41b00807c661339935,https://muzeumcyfrowe.mnwr.pl/obiekt/smierc-sofonisby,Śmierć Sofonisby,"Courtin, Jacques Francois, 1710-1730",https://muzeumcyfrowe.mnwr.pl/uploads/thumbs/654e41b00807c661339935.jpg
654e41abbafe4418211368,https://muzeumcyfrowe.mnwr.pl/obiekt/dwaj-modlacy-sie-kapucyni,Dwaj modlący się kapucyni,"Magnasco, Alessandro, 2. dziesięciolecie XVIII w.",https://muzeumcyfrowe.mnwr.pl/uploads/thumbs/654e41abbafe4418211368.jpg
654e43eb68514863927623,https://muzeumcyfrowe.mnwr.pl/obiekt/stracenie-aniolow,Strącenie aniołów,"Altomonte, Martino, ok. 1716",https://muzeumcyfrowe.mnwr.pl/uploads/thumbs/654e43eb68514863927623.jpg
654e40a5c2c80963256710,https://muzeumcyfrowe.mnwr.pl/obiekt/wyjscie-lota-z-sodomy,Wyjście Lota z Sodomy,"Gionima, Antonio, ok. 1700",https://muzeumcyfrowe.mnwr.pl/uploads/thumbs/654e40a5c2c80963256710.jpg
654e411606ccc197088553,https://muzeumcyfrowe.mnwr.pl/obiekt/gorska-dolina-z-rzeka-i-wedrowcami,Górska dolina z rzeką i wędrowcami,"Schinnagel, Maximilian Josef, ok. 1730",https://muzeumcyfrowe.mnwr.pl/uploads/thumbs/654e411606ccc197088553.jpg
654e416716167601819523,https://muzeumcyfrowe.mnwr.pl/obiekt/alegoria-sztuki-rzezbiarskiej,Alegoria sztuki rzeźbiarskiej,"Platzer, Johann Georg, ok. 1730",https://muzeumcyfrowe.mnwr.pl/uploads/thumbs/654e416716167601819523.jpg
654e40b8041e2717276357,https://muzeumcyfrowe.mnwr.pl/obiekt/obrzezanie-chrystusa,Obrzezanie Chrystusa,"Kern, Anton, 1730 (?)",https://muzeumcyfrowe.mnwr.pl/uploads/thumbs/654e40b8041e2717276357.jpg
654e41b0d53ef069944513,https://muzeumcyfrowe.mnwr.pl/obiekt/portret-chlopca,Portret chłopca,"Chardin, Jean Baptiste Siméon, lata 30. XVIII w.",https://muzeumcyfrowe.mnwr.pl/uploads/thumbs/654e41b0d53ef069944513.jpg
654e4156c599d553231122,https://muzeumcyfrowe.mnwr.pl/obiekt/abraham-wypedza-hagar-z-synkiem-izmaelem,Abraham wypędza Hagar z synkiem Izmaelem,"Cignaroli, Giambettino, ok. 1740",https://muzeumcyfrowe.mnwr.pl/uploads/thumbs/654e4156c599d553231122.jpg
654e41a92ef5a085384648,https://muzeumcyfrowe.mnwr.pl/obiekt/poklon-trzech-kroli-1,Pokłon Trzech Króli,"Giaquinto, Corrado, ok. 1740",https://muzeumcyfrowe.mnwr.pl/uploads/thumbs/654e41a92ef5a085384648.jpg
654e41a064f69299618227,https://muzeumcyfrowe.mnwr.pl/obiekt/ofiarowanie-chrystusa-w-swiatyni,Ofiarowanie Chrystusa w świątyni,"Czechowicz, Szymon, ok. 1750",https://muzeumcyfrowe.mnwr.pl/uploads/thumbs/654e41a064f69299618227.jpg
654e4300f3969791801567,https://muzeumcyfrowe.mnwr.pl/obiekt/rabusie-grobow,Rabusie grobów,"Mildorfer, Josef Ignaz, ok. 1760",https://muzeumcyfrowe.mnwr.pl/uploads/thumbs/654e4300f3969791801567.jpg
654e40d17947c372145142,https://muzeumcyfrowe.mnwr.pl/obiekt/portret-izabeli-branickiej,Portret Izabeli Branickiej,"Bacciarelli, Marcello, po 1758",https://muzeumcyfrowe.mnwr.pl/uploads/thumbs/654e40d17947c372145142.jpg
654e41af2f468183482637,https://muzeumcyfrowe.mnwr.pl/obiekt/portret-stanislawa-lubomirskiego,Portret Stanisława Lubomirskiego,"Bacciarelli, Marcello, 1762",https://muzeumcyfrowe.mnwr.pl/uploads/thumbs/654e41af2f468183482637.jpg
654e42fd30a69569403754,https://muzeumcyfrowe.mnwr.pl/obiekt/abraham-uczy-egipcjan-astronomii,Abraham uczy Egipcjan astronomii,"Schmidt, Martin Johann, ok. 1770",https://muzeumcyfrowe.mnwr.pl/uploads/thumbs/654e42fd30a69569403754.jpg
654e441891565233983961,https://muzeumcyfrowe.mnwr.pl/obiekt/cesarzowa-maria-teresa-z-mezem-i-dziecmi,Cesarzowa Maria Teresa z mężem i dziećmi,"Pohl, Wenzel, 1768",https://muzeumcyfrowe.mnwr.pl/uploads/thumbs/654e441891565233983961.jpg
654e40a6b71dd347418957,https://muzeumcyfrowe.mnwr.pl/obiekt/wjazd-jerzego-ossolinskiego-do-rzymu-w-roku-1633,Wjazd Jerzego Ossolińskiego do Rzymu w roku 1633,"Bellotto, Bernardo, 1779",https://muzeumcyfrowe.mnwr.pl/uploads/thumbs/654e40a6b71dd347418957.jpg
654e41ae3647c436541329,https://muzeumcyfrowe.mnwr.pl/obiekt/portret-michala-poniatowskiego,Portret Michała Poniatowskiego,"Bacciarelli, Marcello, 1784-1786",https://muzeumcyfrowe.mnwr.pl/uploads/thumbs/654e41ae3647c436541329.jpg
654e41c014dae974464764,https://muzeumcyfrowe.mnwr.pl/obiekt/portret-stanislawa-augusta,Portret Stanisława Augusta,"Lampi, Jan Chrzciciel starszy, ok. 1790",https://muzeumcyfrowe.mnwr.pl/uploads/thumbs/654e41c014dae974464764.jpg
654e41e0c2499039596736,https://muzeumcyfrowe.mnwr.pl/obiekt/para-aktorow,Para aktorów,"Tischbein, Johann Friedrich August, ok. 1796",https://muzeumcyfrowe.mnwr.pl/uploads/thumbs/654e41e0c2499039596736.jpg
654e4178933a4824568126,https://muzeumcyfrowe.mnwr.pl/obiekt/scena-uliczna,Scena uliczna,"Quadal, Martin Ferdinand, 1792",https://muzeumcyfrowe.mnwr.pl/uploads/thumbs/654e4178933a4824568126.jpg
654e4177ae735457320238,https://muzeumcyfrowe.mnwr.pl/obiekt/portret-zbiorowy-rodziny-w-parku,Portret zbiorowy rodziny w parku,"Henry, Suzette, ok. 1810",https://muzeumcyfrowe.mnwr.pl/uploads/thumbs/654e4177ae735457320238.jpg
654e41c100dad345377707,https://muzeumcyfrowe.mnwr.pl/obiekt/portret-ludwiki-kossakowskiej,Portret Ludwiki Kossakowskiej,"Lampi, Jan Chrzciciel starszy, 1807",https://muzeumcyfrowe.mnwr.pl/uploads/thumbs/654e41c100dad345377707.jpg
654e41b1ab9d8357090918,https://muzeumcyfrowe.mnwr.pl/obiekt/portret-fanny-ksieznej-biron-von-curland,Portret Fanny księżnej Biron von Curland,"Vigée-Lebrun, Marie Elisabeth Luise, 1810",https://muzeumcyfrowe.mnwr.pl/uploads/thumbs/654e41b1ab9d8357090918.jpg
654e43d9c6534050061893,https://muzeumcyfrowe.mnwr.pl/obiekt/portret-ksiecia-reichstadtu,Portret księcia Reichstadtu,"Stieler, Josef Karl, 1819",https://muzeumcyfrowe.mnwr.pl/uploads/thumbs/654e43d9c6534050061893.jpg
65fb6c2cb35ca283390975,https://muzeumcyfrowe.mnwr.pl/obiekt/portret-kazimiery-ze-skoraszewskich-zoltowskiej,Portret Kazimiery ze Skoraszewskich Żółtowskiej,"Lampi, Franciszek Ksawery, ok. 1825",https://muzeumcyfrowe.mnwr.pl/uploads/thumbs/65fb6c2cb35ca283390975.jpg
654e41e299f4b881340335,https://muzeumcyfrowe.mnwr.pl/obiekt/poranek-na-wybrzezu-ischii-pejzaz-wloski,Poranek na wybrzeżu Ischii. Pejzaż włoski.,"Dahl, Johan Christian, 1822",https://muzeumcyfrowe.mnwr.pl/uploads/thumbs/654e41e299f4b881340335.jpg
654e4045e3e22077011803,https://muzeumcyfrowe.mnwr.pl/obiekt/lodowiec-grindelwald,Lodowiec Grindelwald,"Koch, Joseph Anton, 1823",https://muzeumcyfrowe.mnwr.pl/uploads/thumbs/654e4045e3e22077011803.jpg
654e43119e6d5390473043,https://muzeumcyfrowe.mnwr.pl/obiekt/pejzaz-z-kosciolem,Pejzaż z kościołem,"Quaglio, Domenico, ok. 1830",https://muzeumcyfrowe.mnwr.pl/uploads/thumbs/654e43119e6d5390473043.jpg
654e41e19fcb1899547047,https://muzeumcyfrowe.mnwr.pl/obiekt/portret-dwoch-dziewczat-w-ogrodzie,Portret dwóch dziewcząt w ogrodzie,"Rausch, Bernhard Peter von, 1830",https://muzeumcyfrowe.mnwr.pl/uploads/thumbs/654e41e19fcb1899547047.jpg
654e41d860198073396152,https://muzeumcyfrowe.mnwr.pl/obiekt/blekitni-huzarzy,Błękitni huzarzy,"Michałowski, Piotr, 1836 ?",https://muzeumcyfrowe.mnwr.pl/uploads/thumbs/654e41d860198073396152.jpg
654e41e37741d761006716,https://muzeumcyfrowe.mnwr.pl/obiekt/nawiedzenie,Nawiedzenie,"Steinle, Edward Jakob von, 1831",https://muzeumcyfrowe.mnwr.pl/uploads/thumbs/654e41e37741d761006716.jpg
654e404a1677a706084554,https://muzeumcyfrowe.mnwr.pl/obiekt/pasterze-przed-kapliczka,Pasterze przed kapliczką,"Richter, Adrian Ludwig, 1833",https://muzeumcyfrowe.mnwr.pl/uploads/thumbs/654e404a1677a706084554.jpg
654e40a8e57cc831788235,https://muzeumcyfrowe.mnwr.pl/obiekt/napoleon-konno-wydajacy-rozkazy,Napoleon konno wydający rozkazy,"Michałowski, Piotr, 1835-1837",https://muzeumcyfrowe.mnwr.pl/uploads/thumbs/654e40a8e57cc831788235.jpg
654e41c6d96da828026414,https://muzeumcyfrowe.mnwr.pl/obiekt/chlopiec-na-koniu,Chłopiec na koniu,"Michałowski, Piotr, ok. 1840",https://muzeumcyfrowe.mnwr.pl/uploads/thumbs/654e41c6d96da828026414.jpg
654e41d9375e0612288706,https://muzeumcyfrowe.mnwr.pl/obiekt/portret-generala-kniaziewicza,Portret generała Kniaziewicza,"Michałowski, Piotr, 1835-1937",https://muzeumcyfrowe.mnwr.pl/uploads/thumbs/654e41d9375e0612288706.jpg
654e404500fff762466856,https://muzeumcyfrowe.mnwr.pl/obiekt/bazylika-sw-piotra-w-weronie,Bazylika św. Piotra w Weronie,"Kirchner, Albert Emil, 1845",https://muzeumcyfrowe.mnwr.pl/uploads/thumbs/654e404500fff762466856.jpg
653b7c4d6673b278978145,https://muzeumcyfrowe.mnwr.pl/obiekt/widok-z-ladka-zdroju,Widok z Lądka Zdroju,ok. 1850,https://muzeumcyfrowe.mnwr.pl/uploads/thumbs/653b7c4d6673b278978145.jpg
654e404ce3a23247867195,https://muzeumcyfrowe.mnwr.pl/obiekt/adopcja,Adopcja,"Waldmüller, Ferdinand Georg, 1849",https://muzeumcyfrowe.mnwr.pl/uploads/thumbs/654e404ce3a23247867195.jpg
653b7d888cf00180915719,https://muzeumcyfrowe.mnwr.pl/obiekt/portret-anieli-gielgudowej-z-siostra-waleria,Portret Anieli Giełgudowej z siostrą Walerią,"Rejchan, Alojzy, 1850",https://muzeumcyfrowe.mnwr.pl/uploads/thumbs/653b7d888cf00180915719.jpg
653b7d9090002476876939,https://muzeumcyfrowe.mnwr.pl/obiekt/mohort,Mohort,"Michałowski, Piotr, 1852-1855",https://muzeumcyfrowe.mnwr.pl/uploads/thumbs/653b7d9090002476876939.jpg
653b7d0dd1579461769446,https://muzeumcyfrowe.mnwr.pl/obiekt/wjazd-henryka-walezego-do-krakowa,Wjazd Henryka Walezego do Krakowa,"Matejko, Jan, 1853",https://muzeumcyfrowe.mnwr.pl/uploads/thumbs/653b7d0dd1579461769446.jpg
653b77c3a0172814858483,https://muzeumcyfrowe.mnwr.pl/obiekt/carowie-szujscy-wprowadzeni-przez-zolkiewskiego-na-sejm-warszawski-przed-zygmunta-iii,Carowie Szujscy wprowadzeni przez Żółkiewskiego na sejm warszawski przed Zygmunta III,"Matejko, Jan, 1853",https://muzeumcyfrowe.mnwr.pl/uploads/thumbs/653b77c3a0172814858483.jpg
654e41df18f9c660876900,https://muzeumcyfrowe.mnwr.pl/obiekt/portret-cecylii-lubomirskiej,Portret Cecylii Lubomirskiej,"Winterhalter, Franz Xaver, 1853",https://muzeumcyfrowe.mnwr.pl/uploads/thumbs/654e41df18f9c660876900.jpg
654e40aa1afae170441604,https://muzeumcyfrowe.mnwr.pl/obiekt/autoportret-1,Autoportret,"Rodakowski, Henryk, 1853",https://muzeumcyfrowe.mnwr.pl/uploads/thumbs/654e40aa1afae170441604.jpg
653b7d7caf892542868658,https://muzeumcyfrowe.mnwr.pl/obiekt/portret-franciszka-matejki-z-trojgiem-dzieci,Portret Franciszka Matejki z trojgiem dzieci,"Matejko, Jan, 1853",https://muzeumcyfrowe.mnwr.pl/uploads/thumbs/653b7d7caf892542868658.jpg
654e40ba56a67275055619,https://muzeumcyfrowe.mnwr.pl/obiekt/autoportret-2,Autoportret,"Feuerbach, Anselm Friedrich, 1854",https://muzeumcyfrowe.mnwr.pl/uploads/thumbs/654e40ba56a67275055619.jpg
654e41db64bd2599686415,https://muzeumcyfrowe.mnwr.pl/obiekt/wypadek-w-podrozy,Wypadek w podróży,"Michałowski, Piotr, 1855",https://muzeumcyfrowe.mnwr.pl/uploads/thumbs/654e41db64bd2599686415.jpg
654e40ab141ce431829308,https://muzeumcyfrowe.mnwr.pl/obiekt/zjazd-na-polowanie,Zjazd na polowanie,"Kossak, Juliusz, 1855",https://muzeumcyfrowe.mnwr.pl/uploads/thumbs/654e40ab141ce431829308.jpg
654e41c1d7197361440606,https://muzeumcyfrowe.mnwr.pl/obiekt/miecznik-i-waclaw,Miecznik i Wacław,"Kapliński, Leon, 1857",https://muzeumcyfrowe.mnwr.pl/uploads/thumbs/654e41c1d7197361440606.jpg
654e41d3b6ad1153523375,https://muzeumcyfrowe.mnwr.pl/obiekt/cykl-szkola-szlachcica-iv-ostatnia-przestroga,Cykl Szkoła szlachcica IV: Ostatnia przestroga,"Grottger, Artur, 1858",https://muzeumcyfrowe.mnwr.pl/uploads/thumbs/654e41d3b6ad1153523375.jpg
654e41d2d09e2052036255,https://muzeumcyfrowe.mnwr.pl/obiekt/cykl-szkola-szlachcica-iii-wyprawa,Cykl Szkoła szlachcica III: Wyprawa,"Grottger, Artur, 1858",https://muzeumcyfrowe.mnwr.pl/uploads/thumbs/654e41d2d09e2052036255.jpg
654e41cf879dc240663275,https://muzeumcyfrowe.mnwr.pl/obiekt/portret-kazimierza-podhorskiego,Portret Kazimierza Podhorskiego,"Simmler, Józef, 1858",https://muzeumcyfrowe.mnwr.pl/uploads/thumbs/654e41cf879dc240663275.jpg
654e41dc4a4a1408594305,https://muzeumcyfrowe.mnwr.pl/obiekt/cykl-szkola-szlachcica-ii-admonicja,Cykl Szkoła szlachcica II: Admonicja,"Grottger, Artur, 1858",https://muzeumcyfrowe.mnwr.pl/uploads/thumbs/654e41dc4a4a1408594305.jpg
654e41dd57dde888151884,https://muzeumcyfrowe.mnwr.pl/obiekt/cykl-szkola-szlachcica-i-pierwsze-cwiczenia,Cykl Szkoła szlachcica I: Pierwsze ćwiczenia,"Grottger, Artur, 1858",https://muzeumcyfrowe.mnwr.pl/uploads/thumbs/654e41dd57dde888151884.jpg
654e41d05d83b257685716,https://muzeumcyfrowe.mnwr.pl/obiekt/sypanie-kopca-kosciuszki-w-krakowie,Sypanie kopca Kościuszki w Krakowie,"Stachowicz, Teodor Baltazar, 1859",https://muzeumcyfrowe.mnwr.pl/uploads/thumbs/654e41d05d83b257685716.jpg
654e40b94988b730601620,https://muzeumcyfrowe.mnwr.pl/obiekt/naganiacz-z-ubita-sarna,Naganiacz z ubitą sarną,"Rayski, Ferdinand von, 1861",https://muzeumcyfrowe.mnwr.pl/uploads/thumbs/654e40b94988b730601620.jpg
6557f22d5a56e506934252,https://muzeumcyfrowe.mnwr.pl/obiekt/portret-joachima-lelewela,Portret Joachima Lelewela,"Tepa, Franciszek, 1861",https://muzeumcyfrowe.mnwr.pl/uploads/thumbs/6557f22d5a56e506934252.jpg
654e41c99c32e540708688,https://muzeumcyfrowe.mnwr.pl/obiekt/konrad-wallenrod,Konrad Wallenrod,"Matejko, Jan, 1863",https://muzeumcyfrowe.mnwr.pl/uploads/thumbs/654e41c99c32e540708688.jpg
653b7d6620161956756549,https://muzeumcyfrowe.mnwr.pl/obiekt/popiersie-kobiety,Popiersie kobiety,"Grottger, Artur, 1864",https://muzeumcyfrowe.mnwr.pl/uploads/thumbs/653b7d6620161956756549.jpg
65554f3ae19a2277331447,https://muzeumcyfrowe.mnwr.pl/obiekt/po-powstaniu,Po powstaniu,"Grottger, Artur, 1864",https://muzeumcyfrowe.mnwr.pl/uploads/thumbs/65554f3ae19a2277331447.jpg
654e41baf08ed482091604,https://muzeumcyfrowe.mnwr.pl/obiekt/portret-dziewczyny-z-medalionem,Portret dziewczyny z medalionem,"Grottger, Artur, 1865",https://muzeumcyfrowe.mnwr.pl/uploads/thumbs/654e41baf08ed482091604.jpg
653b7d5a43b1e449791062,https://muzeumcyfrowe.mnwr.pl/obiekt/powrot-od-slubu,Powrót od ślubu,"Brodowski, Józef, 1866",https://muzeumcyfrowe.mnwr.pl/uploads/thumbs/653b7d5a43b1e449791062.jpg
654e40d2c8834605497854,https://muzeumcyfrowe.mnwr.pl/obiekt/targ-konski-na-pradze,Targ koński na Pradze,"Kossak, Juliusz, 1866",https://muzeumcyfrowe.mnwr.pl/uploads/thumbs/654e40d2c8834605497854.jpg
654e41bbe407d302114270,https://muzeumcyfrowe.mnwr.pl/obiekt/portret-wladyslawa-i-stanislawa-tarnowskich,Portret Władysława i Stanisława Tarnowskich,"Grabowski, Andrzej, 1866 (1872)",https://muzeumcyfrowe.mnwr.pl/uploads/thumbs/654e41bbe407d302114270.jpg
654e41cb22668773871464,https://muzeumcyfrowe.mnwr.pl/obiekt/sejm-w-gasawie,Sejm w Gąsawie,"Matejko, Jan, 1866",https://muzeumcyfrowe.mnwr.pl/uploads/thumbs/654e41cb22668773871464.jpg
654e40aca1b00253855141,https://muzeumcyfrowe.mnwr.pl/obiekt/zgon-acerna,Zgon Acerna,"Leopolski, Wilhelm, 1867",https://muzeumcyfrowe.mnwr.pl/uploads/thumbs/654e40aca1b00253855141.jpg
6512f3c4d64c0962469583,https://muzeumcyfrowe.mnwr.pl/obiekt/w-pracowni-artysty,W pracowni artysty,"Grottger, Artur, 1867",https://muzeumcyfrowe.mnwr.pl/uploads/thumbs/6512f3c4d64c0962469583.jpg
6557f22ef27b8363190515,https://muzeumcyfrowe.mnwr.pl/obiekt/portret-artura-grottgera,Portret Artura Grottgera,"Tepa, Franciszek, 1868",https://muzeumcyfrowe.mnwr.pl/uploads/thumbs/6557f22ef27b8363190515.jpg
654e41c4a0beb663027859,https://muzeumcyfrowe.mnwr.pl/obiekt/w-swieto-matki-boskiej-zielnej,W święto Matki Boskiej Zielnej,"Kotsis, Aleksander, 1869",https://muzeumcyfrowe.mnwr.pl/uploads/thumbs/654e41c4a0beb663027859.jpg
654e417c22b03146277848,https://muzeumcyfrowe.mnwr.pl/obiekt/lokietek-na-wygnaniu-wsrod-ludu,Łokietek na wygnaniu wśród ludu,"Gerson, Wojciech, 1869-1872",https://muzeumcyfrowe.mnwr.pl/uploads/thumbs/654e417c22b03146277848.jpg
653b7d643b782952694349,https://muzeumcyfrowe.mnwr.pl/obiekt/hamlet,Hamlet,"Gierymski, Aleksander, 1870-1872",https://muzeumcyfrowe.mnwr.pl/uploads/thumbs/653b7d643b782952694349.jpg
654e404bec89c793309244,https://muzeumcyfrowe.mnwr.pl/obiekt/straz-nocna,Straż nocna,"Spitzweg, Carl, 1870-1875",https://muzeumcyfrowe.mnwr.pl/uploads/thumbs/654e404bec89c793309244.jpg
654e404f2b28d154001162,https://muzeumcyfrowe.mnwr.pl/obiekt/czytajaca-dziewczyna,Czytająca dziewczyna,"Trübner, Wilhelm, 1871",https://muzeumcyfrowe.mnwr.pl/uploads/thumbs/654e404f2b28d154001162.jpg
654e41c7aa303870382863,https://muzeumcyfrowe.mnwr.pl/obiekt/portret-heleny-marcello,Portret Heleny Marcello,"Malczewski, Jacek, ok. 1876",https://muzeumcyfrowe.mnwr.pl/uploads/thumbs/654e41c7aa303870382863.jpg
654e41c6018c3472811643,https://muzeumcyfrowe.mnwr.pl/obiekt/klucznik-gerwazy,Klucznik Gerwazy,"Leopolski, Wilhelm, 1874",https://muzeumcyfrowe.mnwr.pl/uploads/thumbs/654e41c6018c3472811643.jpg
654e41dfe0446720494605,https://muzeumcyfrowe.mnwr.pl/obiekt/diana-pod-drzewem,Diana pod drzewem,"Thoma, Hans, 1878",https://muzeumcyfrowe.mnwr.pl/uploads/thumbs/654e41dfe0446720494605.jpg
654e404b1d2c0943234683,https://muzeumcyfrowe.mnwr.pl/obiekt/martwa-natura-ze-sluzacym-matteo,Martwa natura ze służącym Matteo,"Schuch, Carl, 1879",https://muzeumcyfrowe.mnwr.pl/uploads/thumbs/654e404b1d2c0943234683.jpg
653b7d651a71c599086251,https://muzeumcyfrowe.mnwr.pl/obiekt/kuter-na-brzegu-morza,Kuter na brzegu morza,"Gierymski, Aleksander, ok. 1884",https://muzeumcyfrowe.mnwr.pl/uploads/thumbs/653b7d651a71c599086251.jpg
653b7c67a6cd5561826419,https://muzeumcyfrowe.mnwr.pl/obiekt/utopiona-w-bosforze,Utopiona w Bosforze,"Matejko, Jan, 1880",https://muzeumcyfrowe.mnwr.pl/uploads/thumbs/653b7c67a6cd5561826419.jpg
653b7c66c0f30340147349,https://muzeumcyfrowe.mnwr.pl/obiekt/portret-stefanii-dobrzanskiej,Portret Stefanii Dobrzańskiej,"Malczewski, Jacek, 1882",https://muzeumcyfrowe.mnwr.pl/uploads/thumbs/653b7c66c0f30340147349.jpg
654e403116833079130532,https://muzeumcyfrowe.mnwr.pl/obiekt/wyjazd-na-polowanie,Wyjazd na polowanie,"Chełmoński, Józef, 1882",https://muzeumcyfrowe.mnwr.pl/uploads/thumbs/654e403116833079130532.jpg
654e410a0ee9b588724283,https://muzeumcyfrowe.mnwr.pl/obiekt/rekonwalescentka,Rekonwalescentka,"Malczewski, Jacek, 1882",https://muzeumcyfrowe.mnwr.pl/uploads/thumbs/654e410a0ee9b588724283.jpg
654e41d498200569353451,https://muzeumcyfrowe.mnwr.pl/obiekt/bitwa-pod-parkanami,Bitwa pod Parkanami,"Kossak, Juliusz, 1883",https://muzeumcyfrowe.mnwr.pl/uploads/thumbs/654e41d498200569353451.jpg
653b7c0523186706888921,https://muzeumcyfrowe.mnwr.pl/obiekt/wjazd-sobieskiego-do-wiednia,Wjazd Sobieskiego do Wiednia,"Kossak, Juliusz, 1883",https://muzeumcyfrowe.mnwr.pl/uploads/thumbs/653b7c0523186706888921.jpg
654e432f0f5e7625775814,https://muzeumcyfrowe.mnwr.pl/obiekt/cierpienia-milosci,Cierpienia miłości,"Hofmann, Ludwig von, ok. 1889 ?",https://muzeumcyfrowe.mnwr.pl/uploads/thumbs/654e432f0f5e7625775814.jpg
654e41b66500b130848390,https://muzeumcyfrowe.mnwr.pl/obiekt/portret-jozefa-korzeniowskiego,Portret Józefa Korzeniowskiego,"Boznańska, Olga, przed 1909",https://muzeumcyfrowe.mnwr.pl/uploads/thumbs/654e41b66500b130848390.jpg
654e403428842416609711,https://muzeumcyfrowe.mnwr.pl/obiekt/smok-podwawelski,Smok podwawelski,"Pruszkowski, Witold, 1884",https://muzeumcyfrowe.mnwr.pl/uploads/thumbs/654e403428842416609711.jpg
654e416802917369929435,https://muzeumcyfrowe.mnwr.pl/obiekt/wies,Wieś,"Podkowiński, Władysław, ok. 1890",https://muzeumcyfrowe.mnwr.pl/uploads/thumbs/654e416802917369929435.jpg
653b77bf0679c670027245,https://muzeumcyfrowe.mnwr.pl/obiekt/portret-wlasny-a-la-grottger,Portret własny á la Grottger,"Dębicki, Stanisław, 1885-1890",https://muzeumcyfrowe.mnwr.pl/uploads/thumbs/653b77bf0679c670027245.jpg
654e40387425c761689616,https://muzeumcyfrowe.mnwr.pl/obiekt/studium-glowy-araba,Studium głowy Araba,"Dębicki, Stanisław, 1885 ?",https://muzeumcyfrowe.mnwr.pl/uploads/thumbs/654e40387425c761689616.jpg
653b77c517a83721504542,https://muzeumcyfrowe.mnwr.pl/obiekt/maly-rabin,Mały rabin,"Dębicki, Stanisław, 1885-1890",https://muzeumcyfrowe.mnwr.pl/uploads/thumbs/653b77c517a83721504542.jpg
653b7d939adef796436156,https://muzeumcyfrowe.mnwr.pl/obiekt/wnetrze-kosciola-kapucynow-w-rzymie,Wnętrze kościoła Kapucynów w Rzymie,"Gierymski, Aleksander, 1886 (?)",https://muzeumcyfrowe.mnwr.pl/uploads/thumbs/653b7d939adef796436156.jpg
654e4039a972e349901121,https://muzeumcyfrowe.mnwr.pl/obiekt/kapiace-sie-kobiety,Kąpiące się kobiety,"Dębicki, Stanisław, 1887 ?",https://muzeumcyfrowe.mnwr.pl/uploads/thumbs/654e4039a972e349901121.jpg
65554f3ba77fe880035133,https://muzeumcyfrowe.mnwr.pl/obiekt/chata-w-le-pouldu,Chata w Le Pouldu,"Ślewiński, Władysław, ok. 1892",https://muzeumcyfrowe.mnwr.pl/uploads/thumbs/65554f3ba77fe880035133.jpg
654e4a6936c31660569380,https://muzeumcyfrowe.mnwr.pl/obiekt/kapiel-w-prucie,Kąpiel w Prucie,"Dębicki, Stanisław, 1887",https://muzeumcyfrowe.mnwr.pl/uploads/thumbs/654e4a6936c31660569380.jpg
653b7d5bba823907501886,https://muzeumcyfrowe.mnwr.pl/obiekt/jan-tisenhausen-ginie-w-bitwie-z-litwinami-broniac-choragwi-zakonu-bitwa-z-krzyzakami,Jan Tisenhausen ginie w bitwie z Litwinami broniąc chorągwi zakonu (Bitwa z Krzyżakami),"Brodowski, Józef, 1887",https://muzeumcyfrowe.mnwr.pl/uploads/thumbs/653b7d5bba823907501886.jpg
654e41b78a983302925584,https://muzeumcyfrowe.mnwr.pl/obiekt/biale-roze,Białe róże,"Boznańska, Olga, przed 1913",https://muzeumcyfrowe.mnwr.pl/uploads/thumbs/654e41b78a983302925584.jpg
653b7862ae102983756412,https://muzeumcyfrowe.mnwr.pl/obiekt/piotr-wlast-dunin-sprowadza-cystersow-do-polski,Piotr Włast Dunin sprowadza cystersów do Polski,"Matejko, Jan, 1888",https://muzeumcyfrowe.mnwr.pl/uploads/thumbs/653b7862ae102983756412.jpg
654e41b8eaaa5172245346,https://muzeumcyfrowe.mnwr.pl/obiekt/sobiesciada,Sobiesciada,"Gerson, Wojciech, 1889",https://muzeumcyfrowe.mnwr.pl/uploads/thumbs/654e41b8eaaa5172245346.jpg
654e41b20dae2290104127,https://muzeumcyfrowe.mnwr.pl/obiekt/bretonka-na-progu-chaty,Bretonka na progu chaty,"Bilińska, Anna, 1889",https://muzeumcyfrowe.mnwr.pl/uploads/thumbs/654e41b20dae2290104127.jpg
654e4175c01a7530060211,https://muzeumcyfrowe.mnwr.pl/obiekt/chlopiec-w-sloncu,Chłopiec w słońcu,"Gierymski, Aleksander, ok. 1895",https://muzeumcyfrowe.mnwr.pl/uploads/thumbs/654e4175c01a7530060211.jpg
654e40af21869103411602,https://muzeumcyfrowe.mnwr.pl/obiekt/spotkanie,Spotkanie,"Podkowiński, Władysław, 1892",https://muzeumcyfrowe.mnwr.pl/uploads/thumbs/654e40af21869103411602.jpg
654e417b0702b867172751,https://muzeumcyfrowe.mnwr.pl/obiekt/smierc-elenai,Śmierć Elenai,"Pruszkowski, Witold, 1892",https://muzeumcyfrowe.mnwr.pl/uploads/thumbs/654e417b0702b867172751.jpg
653b7d77c462e911026984,https://muzeumcyfrowe.mnwr.pl/obiekt/portret-krystyny-czosnowskiej,Portret Krystyny Czosnowskiej,"Mordasewicz, Kazimierz, 1892",https://muzeumcyfrowe.mnwr.pl/uploads/thumbs/653b7d77c462e911026984.jpg
653b7d8697de7362338484,https://muzeumcyfrowe.mnwr.pl/obiekt/moja-kolezanka-w-kuchni,Moja koleżanka w kuchni,"Obst, Seweryn Leopold, 1892",https://muzeumcyfrowe.mnwr.pl/uploads/thumbs/653b7d8697de7362338484.jpg
654e404e1f7ea695098069,https://muzeumcyfrowe.mnwr.pl/obiekt/morze,Morze,"Laveaux, Ludwik de, 1892",https://muzeumcyfrowe.mnwr.pl/uploads/thumbs/654e404e1f7ea695098069.jpg
65554f4395469453864732,https://muzeumcyfrowe.mnwr.pl/obiekt/autoportret-w-kontuszu,Autoportret w kontuszu,"Wyspiański, Stanisław, 1892-1894",https://muzeumcyfrowe.mnwr.pl/uploads/thumbs/65554f4395469453864732.jpg
654e41d150d1c868788279,https://muzeumcyfrowe.mnwr.pl/obiekt/eloe,Eloe,"Pruszkowski, Witold, 1892",https://muzeumcyfrowe.mnwr.pl/uploads/thumbs/654e41d150d1c868788279.jpg
654e4108dfcf9918685923,https://muzeumcyfrowe.mnwr.pl/obiekt/kobieta-z-japonska-parasolka,Kobieta z japońską parasolką,"Boznańska, Olga, 1892",https://muzeumcyfrowe.mnwr.pl/uploads/thumbs/654e4108dfcf9918685923.jpg
65131740a31eb215865188,https://muzeumcyfrowe.mnwr.pl/obiekt/kosynier,Kosynier,"Styka, Jan, 1893",https://muzeumcyfrowe.mnwr.pl/uploads/thumbs/65131740a31eb215865188.jpg
654e40322c5f7411736329,https://muzeumcyfrowe.mnwr.pl/obiekt/kazimierz-odnowiciel-wracajacy-do-polski-iii,Kazimierz Odnowiciel wracający do Polski III,"Gerson, Wojciech, 1893",https://muzeumcyfrowe.mnwr.pl/uploads/thumbs/654e40322c5f7411736329.jpg
654e40355dddf928077404,https://muzeumcyfrowe.mnwr.pl/obiekt/sluby-jana-kazimierza,Śluby Jana Kazimierza,"Matejko, Jan, 1893",https://muzeumcyfrowe.mnwr.pl/uploads/thumbs/654e40355dddf928077404.jpg
6513174192962064988849,https://muzeumcyfrowe.mnwr.pl/obiekt/zolnierze-polscy,Żołnierze polscy,"Styka, Jan, 1893",https://muzeumcyfrowe.mnwr.pl/uploads/thumbs/6513174192962064988849.jpg
65131741554f5052367927,https://muzeumcyfrowe.mnwr.pl/obiekt/zolnierze-polskiej-piechoty,Żołnierze polskiej piechoty,"Styka, Jan, 1893",https://muzeumcyfrowe.mnwr.pl/uploads/thumbs/65131741554f5052367927.jpg
651317410d60c891864991,https://muzeumcyfrowe.mnwr.pl/obiekt/zolnierze-kawalerii-narodowej,Żołnierze kawalerii narodowej,"Styka, Jan, 1893",https://muzeumcyfrowe.mnwr.pl/uploads/thumbs/651317410d60c891864991.jpg
65131740bcd12073773285,https://muzeumcyfrowe.mnwr.pl/obiekt/kosynier-i-goral,Kosynier i góral,"Styka, Jan, 1893",https://muzeumcyfrowe.mnwr.pl/uploads/thumbs/65131740bcd12073773285.jpg
65131740ad7ee403719484,https://muzeumcyfrowe.mnwr.pl/obiekt/atakujacy-kosynier,Atakujący kosynier,"Styka, Jan, 1893",https://muzeumcyfrowe.mnwr.pl/uploads/thumbs/65131740ad7ee403719484.jpg
65131740639a1245825043,https://muzeumcyfrowe.mnwr.pl/obiekt/oddzial-kosynierow,Oddział kosynierów,"Styka, Jan, 1893",https://muzeumcyfrowe.mnwr.pl/uploads/thumbs/65131740639a1245825043.jpg
651317409ae6d191556847,https://muzeumcyfrowe.mnwr.pl/obiekt/goral,Góral,"Styka, Jan, 1893",https://muzeumcyfrowe.mnwr.pl/uploads/thumbs/651317409ae6d191556847.jpg
651317409211b172520227,https://muzeumcyfrowe.mnwr.pl/obiekt/dwaj-kosynierzy,Dwaj kosynierzy,"Styka, Jan, 1893",https://muzeumcyfrowe.mnwr.pl/uploads/thumbs/651317409211b172520227.jpg
654ce65308a8d344814861,https://muzeumcyfrowe.mnwr.pl/obiekt/panorama-raclawicka,Panorama Racławicka,"Kossak, Wojciech, 1894",https://muzeumcyfrowe.mnwr.pl/uploads/thumbs/654ce65308a8d344814861.jpg
651317407333c381921820,https://muzeumcyfrowe.mnwr.pl/obiekt/zaproszenie-do-panoramy-raclawice,"Zaproszenie do panoramy ""Racławice""","Kossak, Wojciech, 1894",https://muzeumcyfrowe.mnwr.pl/uploads/thumbs/651317407333c381921820.jpg
654e416498127095658414,https://muzeumcyfrowe.mnwr.pl/obiekt/kolomyjka,Kołomyjka,"Axentowicz, Teodor, po 1895",https://muzeumcyfrowe.mnwr.pl/uploads/thumbs/654e416498127095658414.jpg
654e41e4578a1681709063,https://muzeumcyfrowe.mnwr.pl/obiekt/uzdrowienie-paralityka,Uzdrowienie paralityka,"Gebhardt, Eduard Karl Franz, 1895",https://muzeumcyfrowe.mnwr.pl/uploads/thumbs/654e41e4578a1681709063.jpg
654e41be4d9d9327250556,https://muzeumcyfrowe.mnwr.pl/obiekt/portret-malgorzaty-matzke,Portret Małgorzaty Matzke,"Krzyżanowski, Konrad, ok. 1900",https://muzeumcyfrowe.mnwr.pl/uploads/thumbs/654e41be4d9d9327250556.jpg
654e41de285b6067987317,https://muzeumcyfrowe.mnwr.pl/obiekt/faun-artysta,Faun artysta,"Wyczółkowski, Leon, 1897",https://muzeumcyfrowe.mnwr.pl/uploads/thumbs/654e41de285b6067987317.jpg
65fb6c2e0e02b503236229,https://muzeumcyfrowe.mnwr.pl/obiekt/portret-henri-pierrea-roche,Portret Henri Pierre’a Roche,"Boznańska, Olga, ok. 1903",https://muzeumcyfrowe.mnwr.pl/uploads/thumbs/65fb6c2e0e02b503236229.jpg
65554f45f35d7402198939,https://muzeumcyfrowe.mnwr.pl/obiekt/portret-jerzego-zulawskiego,Portret Jerzego Żuławskiego,"Wyspiański, Stanisław, 1899",https://muzeumcyfrowe.mnwr.pl/uploads/thumbs/65554f45f35d7402198939.jpg
65554f4080bae505925476,https://muzeumcyfrowe.mnwr.pl/obiekt/klasztor-w-tyncu,Klasztor w Tyńcu,"Stanisławski, Jan, ok. 1904",https://muzeumcyfrowe.mnwr.pl/uploads/thumbs/65554f4080bae505925476.jpg
654e41b56f07e483222605,https://muzeumcyfrowe.mnwr.pl/obiekt/piastunka,Piastunka,"Boznańska, Olga, 1899",https://muzeumcyfrowe.mnwr.pl/uploads/thumbs/654e41b56f07e483222605.jpg
654e417d0e1c0433174188,https://muzeumcyfrowe.mnwr.pl/obiekt/krajobraz-las,Krajobraz – las,"Chełmoński, Józef, 1900",https://muzeumcyfrowe.mnwr.pl/uploads/thumbs/654e417d0e1c0433174188.jpg
654e41cda9bd7925040367,https://muzeumcyfrowe.mnwr.pl/obiekt/park-krakowski,Park Krakowski,"Stanisławski, Jan, po 1900",https://muzeumcyfrowe.mnwr.pl/uploads/thumbs/654e41cda9bd7925040367.jpg
654e41ccd589e001244174,https://muzeumcyfrowe.mnwr.pl/obiekt/park-w-zakopanem-w-zimie,Park w Zakopanem w zimie,"Stanisławski, Jan, po 1900",https://muzeumcyfrowe.mnwr.pl/uploads/thumbs/654e41ccd589e001244174.jpg
654e41c2cd580014801121,https://muzeumcyfrowe.mnwr.pl/obiekt/portret-malarzy-w-jamie-michalikowej,Portret malarzy w Jamie Michalikowej,"Karpiński, Alfons, ok. 1905",https://muzeumcyfrowe.mnwr.pl/uploads/thumbs/654e41c2cd580014801121.jpg
654e415842d92373750077,https://muzeumcyfrowe.mnwr.pl/obiekt/krakow-w-zimie,Kraków w zimie,"Fałat, Julian, przed 1908",https://muzeumcyfrowe.mnwr.pl/uploads/thumbs/654e415842d92373750077.jpg
65426fca82729864885788,https://muzeumcyfrowe.mnwr.pl/obiekt/autoportret-5,Autoportret,"Dobrowolski, Odo, ok. 1905",https://muzeumcyfrowe.mnwr.pl/uploads/thumbs/65426fca82729864885788.jpg
65554f2c97b83045549628,https://muzeumcyfrowe.mnwr.pl/obiekt/przed-chalupa-bronowicka-scena-rodzajowa-na-wsi-podkrakowskiej,Przed chałupą bronowicką (Scena rodzajowa na wsi podkrakowskiej),"Tetmajer, Włodzimierz, 1900-1920",https://muzeumcyfrowe.mnwr.pl/uploads/thumbs/65554f2c97b83045549628.jpg
65554f47582f5898445924,https://muzeumcyfrowe.mnwr.pl/obiekt/helenka,Helenka,"Wyspiański, Stanisław, 1900",https://muzeumcyfrowe.mnwr.pl/uploads/thumbs/65554f47582f5898445924.jpg
65554f3fe94ec243245040,https://muzeumcyfrowe.mnwr.pl/obiekt/portret-wladyslawy-chmielarczykowny,Portret Władysławy Chmielarczykówny,"Boznańska, Olga, ok. 1906",https://muzeumcyfrowe.mnwr.pl/uploads/thumbs/65554f3fe94ec243245040.jpg
654e41080e53f638324609,https://muzeumcyfrowe.mnwr.pl/obiekt/portret-tadeusza-blotnickiego,Portret Tadeusza Błotnickiego,"Malczewski, Jacek, 1901-1902",https://muzeumcyfrowe.mnwr.pl/uploads/thumbs/654e41080e53f638324609.jpg
65554f48b7e5b438005640,https://muzeumcyfrowe.mnwr.pl/obiekt/dziewczyna-1,Dziewczyna,"Wyczółkowski, Leon, 1901",https://muzeumcyfrowe.mnwr.pl/uploads/thumbs/65554f48b7e5b438005640.jpg
65554f41320c9036652789,https://muzeumcyfrowe.mnwr.pl/obiekt/kaczence,Kaczeńce,"Ślewiński, Władysław, ok. 1906",https://muzeumcyfrowe.mnwr.pl/uploads/thumbs/65554f41320c9036652789.jpg
65554f46a3261525756691,https://muzeumcyfrowe.mnwr.pl/obiekt/portret-maryny-parenskiej,Portret Maryny Pareńskiej,"Wyspiański, Stanisław, 1902",https://muzeumcyfrowe.mnwr.pl/uploads/thumbs/65554f46a3261525756691.jpg
65554f3e4d0e5022511997,https://muzeumcyfrowe.mnwr.pl/obiekt/portret-idalii-pawlikowskiej,Portret Idalii Pawlikowskiej,"Wyczółkowski, Leon, 1902",https://muzeumcyfrowe.mnwr.pl/uploads/thumbs/65554f3e4d0e5022511997.jpg
654e401162dd4012364057,https://muzeumcyfrowe.mnwr.pl/obiekt/wieczor,Wieczór,"Kandinsky, Wassily, 1902-1903",https://muzeumcyfrowe.mnwr.pl/uploads/thumbs/654e401162dd4012364057.jpg
654e40b365c57058047041,https://muzeumcyfrowe.mnwr.pl/obiekt/sztuka-czesc-prawa-tryptyku-prawo-ojczyzna-sztuka,"Sztuka, część prawa tryptyku Prawo – Ojczyzna – Sztuka","Malczewski, Jacek, 1903",https://muzeumcyfrowe.mnwr.pl/uploads/thumbs/654e40b365c57058047041.jpg
654e40b221a40946124866,https://muzeumcyfrowe.mnwr.pl/obiekt/prawo-miedzy-zyciem-a-smiercia-czesc-lewa-tryptyku-prawo-ojczyzna-sztuka,"Prawo (Między życiem a śmiercią), część lewa tryptyku Prawo – Ojczyzna – Sztuka","Malczewski, Jacek, 1903",https://muzeumcyfrowe.mnwr.pl/uploads/thumbs/654e40b221a40946124866.jpg
654e403330f85670627349,https://muzeumcyfrowe.mnwr.pl/obiekt/aniol-i-pastuszek,Anioł i pastuszek,"Malczewski, Jacek, 1903",https://muzeumcyfrowe.mnwr.pl/uploads/thumbs/654e403330f85670627349.jpg
654e40b03c9c4272539272,https://muzeumcyfrowe.mnwr.pl/obiekt/ojczyzna-czesc-tryptyku-prawo-ojczyzna-sztuka,"Ojczyzna, część tryptyku Prawo – Ojczyzna – Sztuka","Malczewski, Jacek, 1903",https://muzeumcyfrowe.mnwr.pl/uploads/thumbs/654e40b03c9c4272539272.jpg
65554f3f0c179255660933,https://muzeumcyfrowe.mnwr.pl/obiekt/roze-i-rumianki,Róże i rumianki,"Ślewiński, Władysław, ok. 1908",https://muzeumcyfrowe.mnwr.pl/uploads/thumbs/65554f3f0c179255660933.jpg
654e41d5937ab253954547,https://muzeumcyfrowe.mnwr.pl/obiekt/studium-portretowe-xv,Studium portretowe XV,"Sichulski, Kazimierz, 1904-1905",https://muzeumcyfrowe.mnwr.pl/uploads/thumbs/654e41d5937ab253954547.jpg
65554f443f4ab508965317,https://muzeumcyfrowe.mnwr.pl/obiekt/przyjaciolki,Przyjaciółki,"Weiss, Wojciech, 1904",https://muzeumcyfrowe.mnwr.pl/uploads/thumbs/65554f443f4ab508965317.jpg
655be67b864cf717683997,https://muzeumcyfrowe.mnwr.pl/obiekt/portret-erazma-baracza,Portret Erazma Barącza,"Wyczółkowski, Leon, 1906",https://muzeumcyfrowe.mnwr.pl/uploads/thumbs/655be67b864cf717683997.jpg
654e41b7d9ac6938615463,https://muzeumcyfrowe.mnwr.pl/obiekt/raclawice,Racławice,"Chełmoński, Józef, 1906",https://muzeumcyfrowe.mnwr.pl/uploads/thumbs/654e41b7d9ac6938615463.jpg
654e41e54a87b775294496,https://muzeumcyfrowe.mnwr.pl/obiekt/dama-w-blekitach,Dama w błękitach,"Slevogt, Max, 1907",https://muzeumcyfrowe.mnwr.pl/uploads/thumbs/654e41e54a87b775294496.jpg
654e416585f73415973870,https://muzeumcyfrowe.mnwr.pl/obiekt/niedziela,Niedziela,"Sichulski, Kazimierz, 1907",https://muzeumcyfrowe.mnwr.pl/uploads/thumbs/654e416585f73415973870.jpg
65554f41c3dd6495943551,https://muzeumcyfrowe.mnwr.pl/obiekt/pejzaz-morski-z-sycylii,Pejzaż morski z Sycylii,"Wygrzywalski, Feliks Michał, 1907",https://muzeumcyfrowe.mnwr.pl/uploads/thumbs/65554f41c3dd6495943551.jpg
653b7d915bce8374025155,https://muzeumcyfrowe.mnwr.pl/obiekt/w-buduarze,W buduarze,"Dobrowolski, Odo, 1908",https://muzeumcyfrowe.mnwr.pl/uploads/thumbs/653b7d915bce8374025155.jpg
65554f4815313235525164,https://muzeumcyfrowe.mnwr.pl/obiekt/zjawisko,Zjawisko,"Wojtkiewicz, Witold, 1908",https://muzeumcyfrowe.mnwr.pl/uploads/thumbs/65554f4815313235525164.jpg
65554f3c7ff7b987329294,https://muzeumcyfrowe.mnwr.pl/obiekt/wezwanie,Wezwanie,"Wojtkiewicz, Witold, 1908",https://muzeumcyfrowe.mnwr.pl/uploads/thumbs/65554f3c7ff7b987329294.jpg
65554f42e259f842828123,https://muzeumcyfrowe.mnwr.pl/obiekt/przed-piastowa-chalupa,Przed Piastową chałupą,"Tetmajer, Włodzimierz, 1908",https://muzeumcyfrowe.mnwr.pl/uploads/thumbs/65554f42e259f842828123.jpg
653b7d79979ae268186641,https://muzeumcyfrowe.mnwr.pl/obiekt/portret-marii-balowej,Portret Marii Balowej,"Malczewski, Jacek, 1908",https://muzeumcyfrowe.mnwr.pl/uploads/thumbs/653b7d79979ae268186641.jpg
654e41cc7c617312052928,https://muzeumcyfrowe.mnwr.pl/obiekt/portret-leopolda-staffa,Portret Leopolda Staffa,"Pautsch, Fryderyk, 1908",https://muzeumcyfrowe.mnwr.pl/uploads/thumbs/654e41cc7c617312052928.jpg
654e41d6a3584922227752,https://muzeumcyfrowe.mnwr.pl/obiekt/portret-marii-pilatowej,Portret Marii Pilatowej,"Axentowicz, Teodor, 1909",https://muzeumcyfrowe.mnwr.pl/uploads/thumbs/654e41d6a3584922227752.jpg
654e40ade2864471320302,https://muzeumcyfrowe.mnwr.pl/obiekt/bogurodzica,Bogurodzica,"Brandt, Józef, 1909",https://muzeumcyfrowe.mnwr.pl/uploads/thumbs/654e40ade2864471320302.jpg
653b7d8d32d68570667131,https://muzeumcyfrowe.mnwr.pl/obiekt/portret-renaty-radziwillowej,Portret Renaty Radziwiłłowej,"Axentowicz, Teodor, 1910",https://muzeumcyfrowe.mnwr.pl/uploads/thumbs/653b7d8d32d68570667131.jpg
653b77c883abe734613148,https://muzeumcyfrowe.mnwr.pl/obiekt/dziewczynka-przy-lekcji,Dziewczynka przy lekcji,"Dębicki, Stanisław, 1910-1912",https://muzeumcyfrowe.mnwr.pl/uploads/thumbs/653b77c883abe734613148.jpg
65554f42677f8774521617,https://muzeumcyfrowe.mnwr.pl/obiekt/lago-di-ninfa,Lago di Ninfa,"Wygrzywalski, Feliks Michał, 1911",https://muzeumcyfrowe.mnwr.pl/uploads/thumbs/65554f42677f8774521617.jpg
654e41ce4d64a121226101,https://muzeumcyfrowe.mnwr.pl/obiekt/sploszone-konie,Spłoszone konie,"Sichulski, Kazimierz, 1911",https://muzeumcyfrowe.mnwr.pl/uploads/thumbs/654e41ce4d64a121226101.jpg
653b7d58b5d51048079427,https://muzeumcyfrowe.mnwr.pl/obiekt/chocholy,Chochoły,"Bratkowski, Roman, 1911",https://muzeumcyfrowe.mnwr.pl/uploads/thumbs/653b7d58b5d51048079427.jpg
653b7d9227dfc598205594,https://muzeumcyfrowe.mnwr.pl/obiekt/paryz-wieczorem,Paryż wieczorem,"Dobrowolski, Odo, 1911",https://muzeumcyfrowe.mnwr.pl/uploads/thumbs/653b7d9227dfc598205594.jpg
654e41bf3cfbc947502329,https://muzeumcyfrowe.mnwr.pl/obiekt/portret-zony-z-pieskiem,Portret żony z pieskiem,"Krzyżanowski, Konrad, 1911",https://muzeumcyfrowe.mnwr.pl/uploads/thumbs/654e41bf3cfbc947502329.jpg
653b7d6c01d20974229575,https://muzeumcyfrowe.mnwr.pl/obiekt/portret-lili-lissowskiej,Portret Lili Lissowskiej,"Krzyżanowski, Konrad, 1913",https://muzeumcyfrowe.mnwr.pl/uploads/thumbs/653b7d6c01d20974229575.jpg
653b7d7aa5827678511322,https://muzeumcyfrowe.mnwr.pl/obiekt/portret-michala-sozanskiego,Portret Michała Sozańskiego,"Malczewski, Jacek, 1913",https://muzeumcyfrowe.mnwr.pl/uploads/thumbs/653b7d7aa5827678511322.jpg
653b7d789df5a621767835,https://muzeumcyfrowe.mnwr.pl/obiekt/portret-chlopcow-z-psem,Portret chłopców z psem,"Mordasewicz, Kazimierz, 1913",https://muzeumcyfrowe.mnwr.pl/uploads/thumbs/653b7d789df5a621767835.jpg
654e41b48635a419189959,https://muzeumcyfrowe.mnwr.pl/obiekt/portret-wlasny-z-fajka,Portret własny z fajką,"Błocki, Włodzimierz, 1915",https://muzeumcyfrowe.mnwr.pl/uploads/thumbs/654e41b48635a419189959.jpg
653b7d5977d33084141375,https://muzeumcyfrowe.mnwr.pl/obiekt/chata-w-sniegu,Chata w śniegu,"Bratkowski, Roman, 1915",https://muzeumcyfrowe.mnwr.pl/uploads/thumbs/653b7d5977d33084141375.jpg
653b7d69e7ba0114327106,https://muzeumcyfrowe.mnwr.pl/obiekt/portret-zony,Portret żony,"Hofman, Vlastimil, 1916",https://muzeumcyfrowe.mnwr.pl/uploads/thumbs/653b7d69e7ba0114327106.jpg
65fcbd7d1ff11116454214,https://muzeumcyfrowe.mnwr.pl/obiekt/pilsudski-ze-stanczykiem-i-wernyhora,Piłsudski ze Stańczykiem i Wernyhorą,"Sichulski, Kazimierz, 1917",https://muzeumcyfrowe.mnwr.pl/uploads/thumbs/65fcbd7d1ff11116454214.jpg
653b7d92ddef7173123807,https://muzeumcyfrowe.mnwr.pl/obiekt/pejzaz-z-osieka,Pejzaż z Osieka,"Fałat, Julian, 1917",https://muzeumcyfrowe.mnwr.pl/uploads/thumbs/653b7d92ddef7173123807.jpg
653b7d5fb72ce373312177,https://muzeumcyfrowe.mnwr.pl/obiekt/kwiaty,Kwiaty,"Boznańska, Olga, 1918",https://muzeumcyfrowe.mnwr.pl/uploads/thumbs/653b7d5fb72ce373312177.jpg
653b7d6ad9f87514452325,https://muzeumcyfrowe.mnwr.pl/obiekt/adzia-i-jej-swiat,Adzia i jej świat,"Hofman, Vlastimil, 1918",https://muzeumcyfrowe.mnwr.pl/uploads/thumbs/653b7d6ad9f87514452325.jpg
655d3809385c9315405281,https://muzeumcyfrowe.mnwr.pl/obiekt/autoportret-12,Autoportret,"Mikolasch, Henryk, ok. 1925",https://muzeumcyfrowe.mnwr.pl/uploads/thumbs/655d3809385c9315405281.jpg
653b7d835598a827597843,https://muzeumcyfrowe.mnwr.pl/obiekt/mysliwy,Myśliwy,"Sichulski, Kazimierz, 1920",https://muzeumcyfrowe.mnwr.pl/uploads/thumbs/653b7d835598a827597843.jpg
65fb6c2b2725e257871226,https://muzeumcyfrowe.mnwr.pl/obiekt/martwa-natura-z-rybami,Martwa natura z rybami,"Muter, Mela, 1920-1929",https://muzeumcyfrowe.mnwr.pl/uploads/thumbs/65fb6c2b2725e257871226.jpg
654d6610c4cba688166496,https://muzeumcyfrowe.mnwr.pl/obiekt/merzzeichnung-225,Merzzeichnung 225,"Schwitters, Kurt, 1921",https://muzeumcyfrowe.mnwr.pl/uploads/thumbs/654d6610c4cba688166496.jpg
6553fda6ee7d4677127915,https://muzeumcyfrowe.mnwr.pl/obiekt/portret-zony-1,Portret żony,"Chwistek, Leon, ok. 1927",https://muzeumcyfrowe.mnwr.pl/uploads/thumbs/6553fda6ee7d4677127915.jpg
65554f44ed9d5263160827,https://muzeumcyfrowe.mnwr.pl/obiekt/modelka-w-pracowni,Modelka w pracowni,"Weiss, Wojciech, 1923",https://muzeumcyfrowe.mnwr.pl/uploads/thumbs/65554f44ed9d5263160827.jpg
6553fda8a0deb234326430,https://muzeumcyfrowe.mnwr.pl/obiekt/abstrakcja-w-przestrzeni,Abstrakcja w przestrzeni,"Włodarski, Marek, 1930",https://muzeumcyfrowe.mnwr.pl/uploads/thumbs/6553fda8a0deb234326430.jpg
6553fda7b74e3113570055,https://muzeumcyfrowe.mnwr.pl/obiekt/palacze-fajek,Palacze fajek,"Makowski, Tadeusz, 1931",https://muzeumcyfrowe.mnwr.pl/uploads/thumbs/6553fda7b74e3113570055.jpg
65e8f8017e0c3520837219,https://muzeumcyfrowe.mnwr.pl/obiekt/kompozycja-w-gamie-niebieskiej-rekonstrukcja-autorska-zaginionej-kompozycji,Kompozycja w gamie niebieskiej (Rekonstrukcja autorska zaginionej kompozycji),"Stażewski, Henryk, ok. 1938-1956",https://muzeumcyfrowe.mnwr.pl/uploads/thumbs/65e8f8017e0c3520837219.jpg
653b7d8295ece819648179,https://muzeumcyfrowe.mnwr.pl/obiekt/kwiaty-1,Kwiaty,"Sichulski, Kazimierz, 1935",https://muzeumcyfrowe.mnwr.pl/uploads/thumbs/653b7d8295ece819648179.jpg
65e8f7f72934e201276582,https://muzeumcyfrowe.mnwr.pl/obiekt/widelki,Widełki,"Brzozowski, Tadeusz, 1948",https://muzeumcyfrowe.mnwr.pl/uploads/thumbs/65e8f7f72934e201276582.jpg
6553fda9ce949958678001,https://muzeumcyfrowe.mnwr.pl/obiekt/figury-przy-stole,Figury przy stole,"Jarema, Maria, 1948",https://muzeumcyfrowe.mnwr.pl/uploads/thumbs/6553fda9ce949958678001.jpg
654e4009d8bb3003720785,https://muzeumcyfrowe.mnwr.pl/obiekt/podaj-cegle,Podaj cegłę,"Kobzdej, Aleksander, 1950",https://muzeumcyfrowe.mnwr.pl/uploads/thumbs/654e4009d8bb3003720785.jpg
65e8f7f5ed342631829562,https://muzeumcyfrowe.mnwr.pl/obiekt/organki,Organki,"Brzozowski, Tadeusz, 1950",https://muzeumcyfrowe.mnwr.pl/uploads/thumbs/65e8f7f5ed342631829562.jpg
65e8f7f250c70732078382,https://muzeumcyfrowe.mnwr.pl/obiekt/pozoga,Pożoga,"Cwenarski, Waldemar, 1951",https://muzeumcyfrowe.mnwr.pl/uploads/thumbs/65e8f7f250c70732078382.jpg
6553fd990d6e7302232925,https://muzeumcyfrowe.mnwr.pl/obiekt/ukrzyzowanie-odwrocie-kompozycja-figuralna,Ukrzyżowanie (odwrocie: kompozycja figuralna),"Cwenarski, Waldemar, 1952",https://muzeumcyfrowe.mnwr.pl/uploads/thumbs/6553fd990d6e7302232925.jpg
6553fdaa7a409606899204,https://muzeumcyfrowe.mnwr.pl/obiekt/wyrazy,Wyrazy,"Jarema, Maria, 1954",https://muzeumcyfrowe.mnwr.pl/uploads/thumbs/6553fdaa7a409606899204.jpg
6553fda5f072c879193867,https://muzeumcyfrowe.mnwr.pl/obiekt/siena,Siena,"Potworowski, Piotr, 1955",https://muzeumcyfrowe.mnwr.pl/uploads/thumbs/6553fda5f072c879193867.jpg
6553fdab1e513680115787,https://muzeumcyfrowe.mnwr.pl/obiekt/kompozycja-1,Kompozycja,"Jarema, Maria, 1955",https://muzeumcyfrowe.mnwr.pl/uploads/thumbs/6553fdab1e513680115787.jpg
6553fd9f80554072462290,https://muzeumcyfrowe.mnwr.pl/obiekt/oficer,Oficer,"Brzozowski, Tadeusz, 1957",https://muzeumcyfrowe.mnwr.pl/uploads/thumbs/6553fd9f80554072462290.jpg
654e4005b8639568920930,https://muzeumcyfrowe.mnwr.pl/obiekt/relief-metalowy-gaudi,Relief metalowy – Gaudi,"Beksiński, Zdzisław, 1959-1960",https://muzeumcyfrowe.mnwr.pl/uploads/thumbs/654e4005b8639568920930.jpg
6553fda26ebf2111831305,https://muzeumcyfrowe.mnwr.pl/obiekt/formy-inspirujace,Formy inspirujące,"Lenica, Alfred, 1959",https://muzeumcyfrowe.mnwr.pl/uploads/thumbs/6553fda26ebf2111831305.jpg
65eb99f7d6df1206645549,https://muzeumcyfrowe.mnwr.pl/obiekt/konkrety-zniszczone,Konkrety zniszczone,"Marczyński, Adam, 1959",https://muzeumcyfrowe.mnwr.pl/uploads/thumbs/65eb99f7d6df1206645549.jpg
65e8f7fa34041602704029,https://muzeumcyfrowe.mnwr.pl/obiekt/obraz-cxliii-prosta-dazaca,Obraz CXLIII (Prosta dążąca),"Gierowski, Stefan, 1963",https://muzeumcyfrowe.mnwr.pl/uploads/thumbs/65e8f7fa34041602704029.jpg
65e8f7f9610da949864215,https://muzeumcyfrowe.mnwr.pl/obiekt/obraz-cxli-czerwona-atmosfera-przestrzeni,Obraz CXLI (Czerwona atmosfera przestrzeni),"Gierowski, Stefan, 1963",https://muzeumcyfrowe.mnwr.pl/uploads/thumbs/65e8f7f9610da949864215.jpg
6553fd9e34e57070591803,https://muzeumcyfrowe.mnwr.pl/obiekt/pompadurka-pompadour,Pompadurka (Pompadour),"Brzozowski, Tadeusz, 1964",https://muzeumcyfrowe.mnwr.pl/uploads/thumbs/6553fd9e34e57070591803.jpg
6553fda33fa05827314786,https://muzeumcyfrowe.mnwr.pl/obiekt/pejzaz-z-karkonoszy,Pejzaż z Karkonoszy,"Mazurkiewicz, Alfons, 1964",https://muzeumcyfrowe.mnwr.pl/uploads/thumbs/6553fda33fa05827314786.jpg
6553fda4e33d2295247343,https://muzeumcyfrowe.mnwr.pl/obiekt/relief-aluminiowy-2,Relief aluminiowy 2,"Stażewski, Henryk, 1965",https://muzeumcyfrowe.mnwr.pl/uploads/thumbs/6553fda4e33d2295247343.jpg
654e400ea4dcf004438080,https://muzeumcyfrowe.mnwr.pl/obiekt/akt-z-oknem,Akt z oknem,"Nowosielski, Jerzy, 1965",https://muzeumcyfrowe.mnwr.pl/uploads/thumbs/654e400ea4dcf004438080.jpg
6553fd9c61ccc423404015,https://muzeumcyfrowe.mnwr.pl/obiekt/westibule,Westibule,"Brzozowski, Tadeusz, 1965",https://muzeumcyfrowe.mnwr.pl/uploads/thumbs/6553fd9c61ccc423404015.jpg
6553fda540db0266969735,https://muzeumcyfrowe.mnwr.pl/obiekt/milczenie-rodzajow,Milczenie rodzajów,"Stern, Jonasz, 1965",https://muzeumcyfrowe.mnwr.pl/uploads/thumbs/6553fda540db0266969735.jpg
6553fda1224bc632339578,https://muzeumcyfrowe.mnwr.pl/obiekt/pietnascie-szescianow-z-cyklu-uklady-otwarte,Piętnaście sześcianów z cyklu Układy otwarte,"Gołkowska, Wanda, 1967",https://muzeumcyfrowe.mnwr.pl/uploads/thumbs/6553fda1224bc632339578.jpg
6553fda04c0f7442372091,https://muzeumcyfrowe.mnwr.pl/obiekt/reprodukcje,Reprodukcje,"Chwałczyk, Jan, 1968",https://muzeumcyfrowe.mnwr.pl/uploads/thumbs/6553fda04c0f7442372091.jpg
654e4008b653a285462672,https://muzeumcyfrowe.mnwr.pl/obiekt/przeciwstawienie-ix,Przeciwstawienie IX,"Hałas, Józef, 1969",https://muzeumcyfrowe.mnwr.pl/uploads/thumbs/654e4008b653a285462672.jpg
6553fda0226c2691539923,https://muzeumcyfrowe.mnwr.pl/obiekt/kalikanty-organ-blowers,Kalikanty (Organ Blowers),"Brzozowski, Tadeusz, 1969",https://muzeumcyfrowe.mnwr.pl/uploads/thumbs/6553fda0226c2691539923.jpg
6553fda41ce67102716824,https://muzeumcyfrowe.mnwr.pl/obiekt/kompozycja,Kompozycja,"Maziarska, Jadwiga, 1969",https://muzeumcyfrowe.mnwr.pl/uploads/thumbs/6553fda41ce67102716824.jpg
6553fd99df9a6218347858,https://muzeumcyfrowe.mnwr.pl/obiekt/dusery,Dusery,"Brzozowski, Tadeusz, 1969",https://muzeumcyfrowe.mnwr.pl/uploads/thumbs/6553fd99df9a6218347858.jpg
6553fd9ab8214190576555,https://muzeumcyfrowe.mnwr.pl/obiekt/zycbad,Zycbad,"Brzozowski, Tadeusz, 1969",https://muzeumcyfrowe.mnwr.pl/uploads/thumbs/6553fd9ab8214190576555.jpg
6553fd9b831ea688982041,https://muzeumcyfrowe.mnwr.pl/obiekt/frejlina-ii,Frejlina II,"Brzozowski, Tadeusz, 1972",https://muzeumcyfrowe.mnwr.pl/uploads/thumbs/6553fd9b831ea688982041.jpg
65e8f7f3b554f064456706,https://muzeumcyfrowe.mnwr.pl/obiekt/galant,Galant,"Brzozowski, Tadeusz, 1972",https://muzeumcyfrowe.mnwr.pl/uploads/thumbs/65e8f7f3b554f064456706.jpg
6553fd9b435e5999741304,https://muzeumcyfrowe.mnwr.pl/obiekt/kiep,Kiep,"Brzozowski, Tadeusz, 1972",https://muzeumcyfrowe.mnwr.pl/uploads/thumbs/6553fd9b435e5999741304.jpg
6553fd9ce2569091679056,https://muzeumcyfrowe.mnwr.pl/obiekt/rejwach,Rejwach,"Brzozowski, Tadeusz, 1973-1976",https://muzeumcyfrowe.mnwr.pl/uploads/thumbs/6553fd9ce2569091679056.jpg
6553fd9ca185d345070445,https://muzeumcyfrowe.mnwr.pl/obiekt/chryja,Chryja,"Brzozowski, Tadeusz, 1973-1976",https://muzeumcyfrowe.mnwr.pl/uploads/thumbs/6553fd9ca185d345070445.jpg
6553fd9d69d0b558523627,https://muzeumcyfrowe.mnwr.pl/obiekt/strychulec-strickle,Strychulec (Strickle),"Brzozowski, Tadeusz, 1975",https://muzeumcyfrowe.mnwr.pl/uploads/thumbs/6553fd9d69d0b558523627.jpg
6553fda0d585e938875345,https://muzeumcyfrowe.mnwr.pl/obiekt/obled-ludu,Obłęd ludu,"Dwurnik, Edward, 1982",https://muzeumcyfrowe.mnwr.pl/uploads/thumbs/6553fda0d585e938875345.jpg
6553fdb0e2e4b418916324,https://muzeumcyfrowe.mnwr.pl/obiekt/kolaps-glowa-wizyjna,Kolaps – Głowa Wizyjna,"Lach-Lachowicz, Natalia, 1990",https://muzeumcyfrowe.mnwr.pl/uploads/thumbs/6553fdb0e2e4b418916324.jpg
6553fdb9e8f1b445389191,https://muzeumcyfrowe.mnwr.pl/obiekt/nocne-historie-orzel-baselitza,Nocne historie. Orzeł Baselitza.,"Nitka, Zdzisław, 2001",https://muzeumcyfrowe.mnwr.pl/uploads/thumbs/6553fdb9e8f1b445389191.jpg
6553fdba83161875028440,https://muzeumcyfrowe.mnwr.pl/obiekt/plomien-zycia,Płomień życia,"Althamer, Paweł, 2001",https://muzeumcyfrowe.mnwr.pl/uploads/thumbs/6553fdba83161875028440.jpg
654e6886a1d57156771448,https://muzeumcyfrowe.mnwr.pl/obiekt/pieta-4,Pieta,"Boruta, Tadeusz, 2004",https://muzeumcyfrowe.mnwr.pl/uploads/thumbs/654e6886a1d57156771448.jpg
6553fdb6aa098907455874,https://muzeumcyfrowe.mnwr.pl/obiekt/puste-pelne,Puste – Pełne,"Twardowski, Lech, 2006",https://muzeumcyfrowe.mnwr.pl/uploads/thumbs/6553fdb6aa098907455874.jpg
654e4010019d4067022839,https://muzeumcyfrowe.mnwr.pl/obiekt/bez-tytulu,Bez tytułu,"Janas, Piotr, 2012",https://muzeumcyfrowe.mnwr.pl/uploads/thumbs/654e4010019d4067022839.jpg
654e48bf22737261267125,https://muzeumcyfrowe.mnwr.pl/obiekt/bez-tytulu-3,Bez tytułu,"Ziółkowski, Jakub Julian, 2013",https://muzeumcyfrowe.mnwr.pl/uploads/thumbs/654e48bf22737261267125.jpg
654e48dbae2ce568465563,https://muzeumcyfrowe.mnwr.pl/obiekt/pierwszy-czlowiek,Pierwszy człowiek,"Ziółkowski, Jakub Julian, 2014",https://muzeumcyfrowe.mnwr.pl/uploads/thumbs/654e48dbae2ce568465563.jpg
654e4029d1260111234601,https://muzeumcyfrowe.mnwr.pl/obiekt/prekambr,Prekambr,"Jastrzębski, Adam, 2015",https://muzeumcyfrowe.mnwr.pl/uploads/thumbs/654e4029d1260111234601.jpg
654e439c14fdb029189775,https://muzeumcyfrowe.mnwr.pl/obiekt/wyrazy-wizualne-z-natury-nr-4,Wyrazy wizualne /z natury/ nr 4,"Śliz, Urszula, 2018",https://muzeumcyfrowe.mnwr.pl/uploads/thumbs/654e439c14fdb029189775.jpg
654e451b4ad63727618187,https://muzeumcyfrowe.mnwr.pl/obiekt/portret-klementyny-z-kozietulskich-walickiej,Portret Klementyny z Kozietulskich Walickiej,"Grassi, Józef, 1804",https://muzeumcyfrowe.mnwr.pl/uploads/thumbs/654e451b4ad63727618187.jpg